/*
SQLyog Ultimate v12.09 (64 bit)
MySQL - 5.5.53 : Database - kongbao_com
*********************************************************************
*/

/*!40101 SET NAMES utf8 */;

/*!40101 SET SQL_MODE=''*/;

/*!40014 SET @OLD_UNIQUE_CHECKS=@@UNIQUE_CHECKS, UNIQUE_CHECKS=0 */;
/*!40014 SET @OLD_FOREIGN_KEY_CHECKS=@@FOREIGN_KEY_CHECKS, FOREIGN_KEY_CHECKS=0 */;
/*!40101 SET @OLD_SQL_MODE=@@SQL_MODE, SQL_MODE='NO_AUTO_VALUE_ON_ZERO' */;
/*!40111 SET @OLD_SQL_NOTES=@@SQL_NOTES, SQL_NOTES=0 */;
/*Table structure for table `kb_admin` */

DROP TABLE IF EXISTS `kb_admin`;

CREATE TABLE `kb_admin` (
  `admin_id` int(10) unsigned NOT NULL AUTO_INCREMENT,
  `admin_group_id` int(11) NOT NULL,
  `account` varchar(32) NOT NULL,
  `password` varchar(128) NOT NULL,
  `gmt_login` datetime DEFAULT NULL,
  `gmt_password` datetime DEFAULT NULL,
  `gmt_create` datetime NOT NULL,
  `gmt_modify` datetime NOT NULL,
  `operator` varchar(32) NOT NULL DEFAULT '',
  PRIMARY KEY (`admin_id`)
) ENGINE=InnoDB AUTO_INCREMENT=8 DEFAULT CHARSET=utf8 COMMENT='后台管理员';

/*Data for the table `kb_admin` */

insert  into `kb_admin`(`admin_id`,`admin_group_id`,`account`,`password`,`gmt_login`,`gmt_password`,`gmt_create`,`gmt_modify`,`operator`) values (1,1,'ddpm','$2y$10$S3UrJPMF1mzgQGi4ahdpDeS6HTl.GfZJFARVoCSVkFnAASbiftbWi','2018-07-17 18:51:51',NULL,'2018-06-02 16:22:15','2018-07-17 18:51:51',''),(5,1,'dbtests','$2y$10$oqbJmTOsxmXzvJ642kXu1exJYBxxYR/eCfqKDKgen.GY5g38.BNpi',NULL,NULL,'0000-00-00 00:00:00','2018-06-05 19:53:53',''),(7,1,'dbtest','$2y$10$0voJololQ7eKjYYXPwiNOub2Bob8AbO3JlTILJbXlbmaTDXyRis.y',NULL,NULL,'2018-06-05 20:25:54','2018-06-05 20:26:58','ddpm');

/*Table structure for table `kb_admin_group` */

DROP TABLE IF EXISTS `kb_admin_group`;

CREATE TABLE `kb_admin_group` (
  `admin_group_id` int(10) unsigned NOT NULL AUTO_INCREMENT,
  `group_name` varchar(32) NOT NULL,
  `gmt_create` datetime NOT NULL,
  `gmt_modify` datetime NOT NULL,
  `operator` varchar(32) NOT NULL DEFAULT '',
  PRIMARY KEY (`admin_group_id`)
) ENGINE=InnoDB AUTO_INCREMENT=2 DEFAULT CHARSET=utf8 COMMENT='后台管理员组';

/*Data for the table `kb_admin_group` */

insert  into `kb_admin_group`(`admin_group_id`,`group_name`,`gmt_create`,`gmt_modify`,`operator`) values (1,'超级管理员','2018-06-02 16:20:49','2018-06-02 16:20:51','');

/*Table structure for table `kb_article` */

DROP TABLE IF EXISTS `kb_article`;

CREATE TABLE `kb_article` (
  `article_id` int(10) unsigned NOT NULL AUTO_INCREMENT,
  `category_id` int(11) NOT NULL,
  `title` varchar(128) NOT NULL,
  `description` longtext,
  `review_count` int(11) NOT NULL DEFAULT '0',
  `is_recommend` tinyint(1) NOT NULL DEFAULT '0',
  `status` tinyint(1) NOT NULL DEFAULT '1',
  `sort` smallint(6) NOT NULL DEFAULT '0',
  `gmt_create` datetime NOT NULL,
  `gmt_modify` datetime NOT NULL,
  `operator` varchar(32) NOT NULL DEFAULT '',
  PRIMARY KEY (`article_id`),
  KEY `idx_category_id` (`category_id`),
  KEY `idx_status` (`status`),
  KEY `idx_sort` (`sort`)
) ENGINE=InnoDB AUTO_INCREMENT=3 DEFAULT CHARSET=utf8;

/*Data for the table `kb_article` */

insert  into `kb_article`(`article_id`,`category_id`,`title`,`description`,`review_count`,`is_recommend`,`status`,`sort`,`gmt_create`,`gmt_modify`,`operator`) values (1,1,'10','<p style=\"text-align: center;\"><img src=\"/public/up/ueditor/image/20180609/1528549474165500.jpg\" alt=\"1528549474165500.jpg\"/></p>',0,1,1,0,'2018-06-09 21:12:30','2018-06-29 19:47:11','ddpm'),(2,1,'空包业务的发展“钱”景在哪里？','<p><strong>哈哈！空包网</strong><br/></p>',100,1,1,1,'2018-06-17 10:15:20','2018-06-17 10:15:20','ddpm');

/*Table structure for table `kb_banner` */

DROP TABLE IF EXISTS `kb_banner`;

CREATE TABLE `kb_banner` (
  `banner_id` int(11) NOT NULL AUTO_INCREMENT,
  `banner_title` varchar(200) NOT NULL DEFAULT '',
  `banner_position` varchar(64) NOT NULL,
  `banner_status` tinyint(1) NOT NULL DEFAULT '0',
  `gmt_create` datetime NOT NULL,
  `gmt_modify` datetime NOT NULL,
  `operator` varchar(32) NOT NULL DEFAULT '',
  PRIMARY KEY (`banner_id`)
) ENGINE=InnoDB AUTO_INCREMENT=4 DEFAULT CHARSET=utf8;

/*Data for the table `kb_banner` */

insert  into `kb_banner`(`banner_id`,`banner_title`,`banner_position`,`banner_status`,`gmt_create`,`gmt_modify`,`operator`) values (1,'顶部广告图','common_top',1,'2018-06-17 11:55:21','2018-06-18 11:00:49','ddpm'),(2,'首页轮播图','index_loop',1,'2018-06-17 11:56:48','2018-06-30 18:26:40','ddpm'),(3,'首页广告图','index',1,'2018-06-17 11:56:50','2018-06-30 18:32:16','ddpm');

/*Table structure for table `kb_banner_detail` */

DROP TABLE IF EXISTS `kb_banner_detail`;

CREATE TABLE `kb_banner_detail` (
  `banner_detail_id` int(11) NOT NULL AUTO_INCREMENT,
  `banner_id` int(11) NOT NULL,
  `detail_image` varchar(500) NOT NULL,
  `detail_link` varchar(500) NOT NULL,
  `detail_status` tinyint(1) NOT NULL DEFAULT '0',
  `detail_sort` smallint(6) NOT NULL DEFAULT '0',
  `new_window_open` tinyint(1) NOT NULL DEFAULT '0',
  `gmt_create` datetime NOT NULL,
  `gmt_modify` datetime NOT NULL,
  `operator` varchar(32) NOT NULL DEFAULT '',
  PRIMARY KEY (`banner_detail_id`)
) ENGINE=InnoDB AUTO_INCREMENT=5 DEFAULT CHARSET=utf8;

/*Data for the table `kb_banner_detail` */

insert  into `kb_banner_detail`(`banner_detail_id`,`banner_id`,`detail_image`,`detail_link`,`detail_status`,`detail_sort`,`new_window_open`,`gmt_create`,`gmt_modify`,`operator`) values (1,1,'/public/up/banner/sku-1.jpg','http://www.laidaobin.com/',0,2,1,'2018-06-18 10:47:44','2018-06-18 11:00:49','ddpm'),(2,2,'/public/up/banner/20180622105038.jpg','http://www.laidaobin.com',1,0,0,'2018-06-29 18:43:25','2018-06-30 18:26:40','ddpm'),(3,2,'/public/up/banner/TESTTEST1007-2.jpg','http://www.baidu.com',1,0,0,'2018-06-29 18:43:25','2018-06-30 18:26:40','ddpm'),(4,3,'/public/up/banner/4585612854_846660226.jpg','',1,0,0,'2018-06-30 18:30:36','2018-06-30 18:32:16','ddpm');

/*Table structure for table `kb_category` */

DROP TABLE IF EXISTS `kb_category`;

CREATE TABLE `kb_category` (
  `category_id` int(10) unsigned NOT NULL AUTO_INCREMENT,
  `category_name` varchar(64) NOT NULL,
  `status` tinyint(1) NOT NULL DEFAULT '1',
  `sort` smallint(6) NOT NULL DEFAULT '0',
  `gmt_create` datetime NOT NULL,
  `gmt_modify` datetime NOT NULL,
  `operator` varchar(32) NOT NULL DEFAULT '',
  PRIMARY KEY (`category_id`)
) ENGINE=InnoDB AUTO_INCREMENT=4 DEFAULT CHARSET=utf8;

/*Data for the table `kb_category` */

insert  into `kb_category`(`category_id`,`category_name`,`status`,`sort`,`gmt_create`,`gmt_modify`,`operator`) values (1,'PHP技术',1,0,'2018-06-09 19:46:11','2018-06-09 20:02:28','ddpm'),(2,'CSS',1,1,'2018-06-09 19:55:00','2018-06-09 20:02:28','ddpm'),(3,'HTML',0,2,'2018-06-09 19:55:00','2018-06-09 20:02:28','ddpm');

/*Table structure for table `kb_city` */

DROP TABLE IF EXISTS `kb_city`;

CREATE TABLE `kb_city` (
  `city_id` int(11) NOT NULL AUTO_INCREMENT,
  `province_id` int(11) NOT NULL COMMENT '所属省份ID',
  `city_name` varchar(64) NOT NULL COMMENT '城市名称',
  `city_areacode` int(11) NOT NULL COMMENT '城市区域代码',
  PRIMARY KEY (`city_id`),
  KEY `idx_province_id` (`province_id`) USING BTREE,
  KEY `idx_city_areacode` (`city_areacode`) USING BTREE
) ENGINE=InnoDB AUTO_INCREMENT=350 DEFAULT CHARSET=utf8;

/*Data for the table `kb_city` */

insert  into `kb_city`(`city_id`,`province_id`,`city_name`,`city_areacode`) values (1,1,'市辖区',110100),(2,1,'北京市',110200),(3,2,'市辖区',120100),(4,2,'天津市',120200),(5,3,'石家庄市',130100),(6,3,'唐山市',130200),(7,3,'秦皇岛市',130300),(8,3,'邯郸市',130400),(9,3,'邢台市',130500),(10,3,'保定市',130600),(11,3,'张家口市',130700),(12,3,'承德市',130800),(13,3,'沧州市',130900),(14,3,'廊坊市',131000),(15,3,'衡水市',131100),(16,4,'太原市',140100),(17,4,'大同市',140200),(18,4,'阳泉市',140300),(19,4,'长治市',140400),(20,4,'晋城市',140500),(21,4,'朔州市',140600),(22,4,'晋中市',140700),(23,4,'运城市',140800),(24,4,'忻州市',140900),(25,4,'临汾市',141000),(26,4,'吕梁市',141100),(27,5,'呼和浩特市',150100),(28,5,'包头市',150200),(29,5,'乌海市',150300),(30,5,'赤峰市',150400),(31,5,'通辽市',150500),(32,5,'鄂尔多斯市',150600),(33,5,'呼伦贝尔市',150700),(34,5,'巴彦淖尔市',150800),(35,5,'乌兰察布市',150900),(36,5,'兴安盟',152200),(37,5,'锡林郭勒盟',152500),(38,5,'阿拉善盟',152900),(39,6,'沈阳市',210100),(40,6,'大连市',210200),(41,6,'鞍山市',210300),(42,6,'抚顺市',210400),(43,6,'本溪市',210500),(44,6,'丹东市',210600),(45,6,'锦州市',210700),(46,6,'营口市',210800),(47,6,'阜新市',210900),(48,6,'辽阳市',211000),(49,6,'盘锦市',211100),(50,6,'铁岭市',211200),(51,6,'朝阳市',211300),(52,6,'葫芦岛市',211400),(53,7,'长春市',220100),(54,7,'吉林市',220200),(55,7,'四平市',220300),(56,7,'辽源市',220400),(57,7,'通化市',220500),(58,7,'白山市',220600),(59,7,'松原市',220700),(60,7,'白城市',220800),(61,7,'延边朝鲜族自治州',222400),(62,8,'哈尔滨市',230100),(63,8,'齐齐哈尔市',230200),(64,8,'鸡西市',230300),(65,8,'鹤岗市',230400),(66,8,'双鸭山市',230500),(67,8,'大庆市',230600),(68,8,'伊春市',230700),(69,8,'佳木斯市',230800),(70,8,'七台河市',230900),(71,8,'牡丹江市',231000),(72,8,'黑河市',231100),(73,8,'绥化市',231200),(74,8,'大兴安岭地区',232700),(75,9,'市辖区',310100),(76,9,'上海市',310200),(77,10,'南京市',320100),(78,10,'无锡市',320200),(79,10,'徐州市',320300),(80,10,'常州市',320400),(81,10,'苏州市',320500),(82,10,'南通市',320600),(83,10,'连云港市',320700),(84,10,'淮安市',320800),(85,10,'盐城市',320900),(86,10,'扬州市',321000),(87,10,'镇江市',321100),(88,10,'泰州市',321200),(89,10,'宿迁市',321300),(90,11,'杭州市',330100),(91,11,'宁波市',330200),(92,11,'温州市',330300),(93,11,'嘉兴市',330400),(94,11,'湖州市',330500),(95,11,'绍兴市',330600),(96,11,'金华市',330700),(97,11,'衢州市',330800),(98,11,'舟山市',330900),(99,11,'台州市',331000),(100,11,'丽水市',331100),(101,12,'合肥市',340100),(103,12,'芜湖市',340200),(104,12,'蚌埠市',340300),(105,12,'淮南市',340400),(106,12,'马鞍山市',340500),(107,12,'淮北市',340600),(108,12,'铜陵市',340700),(109,12,'安庆市',340800),(110,12,'黄山市',341000),(111,12,'滁州市',341100),(112,12,'阜阳市',341200),(113,12,'宿州市',341300),(114,12,'六安市',341500),(115,12,'亳州市',341600),(116,12,'池州市',341700),(117,12,'宣城市',341800),(118,13,'福州市',350100),(119,13,'厦门市',350200),(120,13,'莆田市',350300),(121,13,'三明市',350400),(122,13,'泉州市',350500),(123,13,'漳州市',350600),(124,13,'南平市',350700),(125,13,'龙岩市',350800),(126,13,'宁德市',350900),(127,14,'南昌市',360100),(128,14,'景德镇市',360200),(129,14,'萍乡市',360300),(130,14,'九江市',360400),(131,14,'新余市',360500),(132,14,'鹰潭市',360600),(133,14,'赣州市',360700),(134,14,'吉安市',360800),(135,14,'宜春市',360900),(136,14,'抚州市',361000),(137,14,'上饶市',361100),(138,15,'济南市',370100),(139,15,'青岛市',370200),(140,15,'淄博市',370300),(141,15,'枣庄市',370400),(142,15,'东营市',370500),(143,15,'烟台市',370600),(144,15,'潍坊市',370700),(145,15,'济宁市',370800),(146,15,'泰安市',370900),(147,15,'威海市',371000),(148,15,'日照市',371100),(149,15,'莱芜市',371200),(150,15,'临沂市',371300),(151,15,'德州市',371400),(152,15,'聊城市',371500),(153,15,'滨州市',371600),(154,15,'菏泽市',371700),(155,16,'郑州市',410100),(156,16,'开封市',410200),(157,16,'洛阳市',410300),(158,16,'平顶山市',410400),(159,16,'安阳市',410500),(160,16,'鹤壁市',410600),(161,16,'新乡市',410700),(162,16,'焦作市',410800),(163,16,'濮阳市',410900),(164,16,'许昌市',411000),(165,16,'漯河市',411100),(166,16,'三门峡市',411200),(167,16,'南阳市',411300),(168,16,'商丘市',411400),(169,16,'信阳市',411500),(170,16,'周口市',411600),(171,16,'驻马店市',411700),(172,17,'武汉市',420100),(173,17,'黄石市',420200),(174,17,'十堰市',420300),(175,17,'宜昌市',420500),(176,17,'襄阳市',420600),(177,17,'鄂州市',420700),(178,17,'荆门市',420800),(179,17,'孝感市',420900),(180,17,'荆州市',421000),(181,17,'黄冈市',421100),(182,17,'咸宁市',421200),(183,17,'随州市',421300),(184,17,'恩施土家族苗族自治州',422800),(185,17,'省直辖县',429000),(186,18,'长沙市',430100),(187,18,'株洲市',430200),(188,18,'湘潭市',430300),(189,18,'衡阳市',430400),(190,18,'邵阳市',430500),(191,18,'岳阳市',430600),(192,18,'常德市',430700),(193,18,'张家界市',430800),(194,18,'益阳市',430900),(195,18,'郴州市',431000),(196,18,'永州市',431100),(197,18,'怀化市',431200),(198,18,'娄底市',431300),(199,18,'湘西土家族苗族自治州',433100),(200,19,'广州市',440100),(201,19,'韶关市',440200),(202,19,'深圳市',440300),(203,19,'珠海市',440400),(204,19,'汕头市',440500),(205,19,'佛山市',440600),(206,19,'江门市',440700),(207,19,'湛江市',440800),(208,19,'茂名市',440900),(209,19,'肇庆市',441200),(210,19,'惠州市',441300),(211,19,'梅州市',441400),(212,19,'汕尾市',441500),(213,19,'河源市',441600),(214,19,'阳江市',441700),(215,19,'清远市',441800),(216,19,'东莞市',441900),(217,19,'中山市',442000),(218,19,'潮州市',445100),(219,19,'揭阳市',445200),(220,19,'云浮市',445300),(221,20,'南宁市',450100),(222,20,'柳州市',450200),(223,20,'桂林市',450300),(224,20,'梧州市',450400),(225,20,'北海市',450500),(226,20,'防城港市',450600),(227,20,'钦州市',450700),(228,20,'贵港市',450800),(229,20,'玉林市',450900),(230,20,'百色市',451000),(231,20,'贺州市',451100),(232,20,'河池市',451200),(233,20,'来宾市',451300),(234,20,'崇左市',451400),(235,21,'海口市',460100),(236,21,'三亚市',460200),(237,21,'省直辖县',469000),(238,22,'市辖区',500100),(239,22,'重庆市',500200),(240,23,'成都市',510100),(241,23,'自贡市',510300),(242,23,'攀枝花市',510400),(243,23,'泸州市',510500),(244,23,'德阳市',510600),(245,23,'绵阳市',510700),(246,23,'广元市',510800),(247,23,'遂宁市',510900),(248,23,'内江市',511000),(249,23,'乐山市',511100),(250,23,'南充市',511300),(251,23,'眉山市',511400),(252,23,'宜宾市',511500),(253,23,'广安市',511600),(254,23,'达州市',511700),(255,23,'雅安市',511800),(256,23,'巴中市',511900),(257,23,'资阳市',512000),(258,23,'阿坝藏族羌族自治州',513200),(259,23,'甘孜藏族自治州',513300),(260,23,'凉山彝族自治州',513400),(261,24,'贵阳市',520100),(262,24,'六盘水市',520200),(263,24,'遵义市',520300),(264,24,'安顺市',520400),(265,24,'铜仁市',522200),(266,24,'黔西南布依族苗族自治州',522300),(267,24,'毕节市',522400),(268,24,'黔东南苗族侗族自治州',522600),(269,24,'黔南布依族苗族自治州',522700),(270,25,'昆明市',530100),(271,25,'曲靖市',530300),(272,25,'玉溪市',530400),(273,25,'保山市',530500),(274,25,'昭通市',530600),(275,25,'丽江市',530700),(276,25,'普洱市',530800),(277,25,'临沧市',530900),(278,25,'楚雄彝族自治州',532300),(279,25,'红河哈尼族彝族自治州',532500),(280,25,'文山壮族苗族自治州',532600),(281,25,'西双版纳傣族自治州',532800),(282,25,'大理白族自治州',532900),(283,25,'德宏傣族景颇族自治州',533100),(284,25,'怒江傈僳族自治州',533300),(285,25,'迪庆藏族自治州',533400),(286,26,'拉萨市',540100),(287,26,'昌都市',542100),(288,26,'山南地区',542200),(289,26,'日喀则地区',542300),(290,26,'那曲地区',542400),(291,26,'阿里地区',542500),(292,26,'林芝市',542600),(293,27,'西安市',610100),(294,27,'铜川市',610200),(295,27,'宝鸡市',610300),(296,27,'咸阳市',610400),(297,27,'渭南市',610500),(298,27,'延安市',610600),(299,27,'汉中市',610700),(300,27,'榆林市',610800),(301,27,'安康市',610900),(302,27,'商洛市',611000),(303,28,'兰州市',620100),(304,28,'嘉峪关市',620200),(305,28,'金昌市',620300),(306,28,'白银市',620400),(307,28,'天水市',620500),(308,28,'武威市',620600),(309,28,'张掖市',620700),(310,28,'平凉市',620800),(311,28,'酒泉市',620900),(312,28,'庆阳市',621000),(313,28,'定西市',621100),(314,28,'陇南市',621200),(315,28,'临夏回族自治州',622900),(316,28,'甘南藏族自治州',623000),(317,29,'西宁市',630100),(318,29,'海东地区',632100),(319,29,'海北藏族自治州',632200),(320,29,'黄南藏族自治州',632300),(321,29,'海南藏族自治州',632500),(322,29,'果洛藏族自治州',632600),(323,29,'玉树藏族自治州',632700),(324,29,'海西蒙古族藏族自治州',632800),(325,30,'银川市',640100),(326,30,'石嘴山市',640200),(327,30,'吴忠市',640300),(328,30,'固原市',640400),(329,30,'中卫市',640500),(330,31,'乌鲁木齐市',650100),(331,31,'克拉玛依市',650200),(332,31,'吐鲁番地区',652100),(333,31,'哈密地区',652200),(334,31,'昌吉回族自治州',652300),(335,31,'博尔塔拉蒙古自治州',652700),(336,31,'巴音郭楞蒙古自治州',652800),(337,31,'阿克苏地区',652900),(338,31,'克孜勒苏柯尔克孜自治州',653000),(339,31,'喀什地区',653100),(340,31,'和田地区',653200),(341,31,'伊犁哈萨克自治州',654000),(342,31,'塔城地区',654200),(343,31,'阿勒泰地区',654300),(344,31,'自治区直辖县',659000),(345,16,'济源市',411900),(346,17,'仙桃市',429007),(347,17,'潜江市',429107),(348,17,'天门市',429207),(349,17,'神农架',429307);

/*Table structure for table `kb_configuration` */

DROP TABLE IF EXISTS `kb_configuration`;

CREATE TABLE `kb_configuration` (
  `configuration_id` int(10) unsigned NOT NULL AUTO_INCREMENT,
  `key` varchar(128) NOT NULL COMMENT '配置标志',
  `value` longtext NOT NULL COMMENT '配置值',
  `description` varchar(200) NOT NULL DEFAULT '' COMMENT '配置描述说明',
  `sort` smallint(4) NOT NULL DEFAULT '0',
  `group` varchar(32) NOT NULL DEFAULT '' COMMENT '配置组',
  `show_type` varchar(32) NOT NULL DEFAULT '' COMMENT '配置展示类型',
  `gmt_create` datetime NOT NULL,
  `gmt_modify` datetime NOT NULL,
  `operator` varchar(32) NOT NULL,
  PRIMARY KEY (`configuration_id`),
  UNIQUE KEY `idx_key` (`key`),
  KEY `idx_group` (`group`),
  KEY `idx_sort` (`sort`)
) ENGINE=InnoDB AUTO_INCREMENT=13 DEFAULT CHARSET=utf8 COMMENT='网站配置';

/*Data for the table `kb_configuration` */

insert  into `kb_configuration`(`configuration_id`,`key`,`value`,`description`,`sort`,`group`,`show_type`,`gmt_create`,`gmt_modify`,`operator`) values (1,'WEBSITE_NAME','网站后台','网站名称',0,'BASE','','2018-06-02 17:32:57','2018-06-20 11:08:19','ddpm'),(2,'WEBSITE_MATA_TITLE','空包王t','网站Meta标题',1,'BASE','','2018-06-02 17:33:02','2018-06-20 11:08:19','ddpm'),(3,'WEBSITE_META_KEYWORDS','空包王k','网站Meta关键词',1,'BASE','textarea','2018-06-02 17:33:07','2018-06-20 11:08:19','ddpm'),(4,'WEBSITE_META_DESCRIPTION','空包王 ddd','网站Meta描述',1,'BASE','textarea','2018-06-02 17:33:11','2018-06-20 11:08:19','ddpm'),(5,'WEBSITE_LOGO_IMG','/public/up/website_logo/fasd123-1.jpg','网站LOGO图片',0,'BASE','img','2018-06-10 12:59:38','2018-06-10 13:48:20','ddpm'),(6,'PRICE_PROFIT_OF_GENERAL','3','普通会员利润',0,'PRICE_PROFIT','','2018-06-19 21:26:07','2018-06-19 21:36:52',''),(7,'PRICE_PROFIT_OF_VIP','2.5','VIP会员利润',0,'PRICE_PROFIT','','2018-06-19 21:27:09','2018-06-19 21:36:52',''),(8,'PRICE_PROFIT_OF_AGENT','2','代理会员利润',0,'PRICE_PROFIT','','2018-06-19 21:27:18','2018-06-19 21:36:52',''),(9,'PRICE_PROFIT_OF_API','1.5','API会员利润',0,'PRICE_PROFIT','','2018-06-19 21:27:20','2018-06-19 21:36:52',''),(10,'API_URL','http://www.gogokb.com/API/','API对接地址',2,'BASE','','2018-06-20 11:03:04','2018-06-20 11:08:19','ddpm'),(11,'API_USERNAME','道斌测试','API对接账号用户',2,'BASE','','2018-06-20 11:03:07','2018-06-20 11:08:19','ddpm'),(12,'API_PASSWORD','shouwen_lai1','API对接账号密码',2,'BASE','password','0000-00-00 00:00:00','2018-06-20 11:08:19','ddpm');

/*Table structure for table `kb_distributor` */

DROP TABLE IF EXISTS `kb_distributor`;

CREATE TABLE `kb_distributor` (
  `distributor_id` int(10) unsigned NOT NULL AUTO_INCREMENT,
  `site_domain` varchar(100) NOT NULL COMMENT '站点域名',
  `admin_account` varchar(32) NOT NULL,
  `admin_password` varchar(128) NOT NULL,
  `gmt_create` datetime NOT NULL,
  `gmt_modify` datetime NOT NULL,
  `operator` varchar(32) NOT NULL DEFAULT '',
  PRIMARY KEY (`distributor_id`)
) ENGINE=InnoDB AUTO_INCREMENT=4 DEFAULT CHARSET=utf8 COMMENT='分销站点';

/*Data for the table `kb_distributor` */

insert  into `kb_distributor`(`distributor_id`,`site_domain`,`admin_account`,`admin_password`,`gmt_create`,`gmt_modify`,`operator`) values (1,'www.dbtest.com','dbtest','$2y$10$MQxXfzmq2BR2XGcUivuiGeAiGkXD1i/uAq3bsVKT4adFs2rmq5zdO','2018-06-05 21:23:50','2018-06-21 10:35:41','ddpm'),(2,'1','0','$2y$10$Vyx9uxCfC49u6mB/emUMLuIdTM0dmpabFpFx8bR3JwTK5.ilnNwQe','2018-06-06 19:04:40','2018-06-06 19:07:21','ddpm'),(3,'www.dblai.com','dblai','$2y$10$.3OVbsjCKjJ1qaZYoZKL6emQQdApe/uq/v29WpKALT0SVnekFcjbW','2018-06-06 19:27:06','2018-06-06 19:30:08','ddpm');

/*Table structure for table `kb_district` */

DROP TABLE IF EXISTS `kb_district`;

CREATE TABLE `kb_district` (
  `district_id` int(11) NOT NULL AUTO_INCREMENT,
  `city_id` int(11) NOT NULL COMMENT '所属城市ID',
  `district_name` varchar(128) NOT NULL COMMENT '地方名称',
  `district_areacode` int(11) NOT NULL COMMENT '地方区域代码',
  PRIMARY KEY (`district_id`),
  KEY `idx_city_id` (`city_id`) USING BTREE,
  KEY `idx_district_areacode` (`district_areacode`) USING BTREE
) ENGINE=InnoDB AUTO_INCREMENT=3730 DEFAULT CHARSET=utf8;

/*Data for the table `kb_district` */

insert  into `kb_district`(`district_id`,`city_id`,`district_name`,`district_areacode`) values (1,1,'东城区',110101),(2,1,'西城区',110102),(3,1,'崇文区',110103),(4,1,'宣武区',110104),(5,1,'朝阳区',110105),(6,1,'丰台区',110106),(7,1,'石景山区',110107),(8,1,'海淀区',110108),(9,1,'门头沟区',110109),(10,1,'房山区',110111),(11,1,'通州区',110112),(12,1,'顺义区',110113),(13,1,'昌平区',110114),(14,1,'大兴区',110115),(15,1,'怀柔区',110116),(16,1,'平谷区',110117),(17,2,'密云县',110228),(18,2,'延庆县',110229),(19,2,'其它区',110230),(20,3,'和平区',120101),(21,3,'河东区',120102),(22,3,'河西区',120103),(23,3,'南开区',120104),(24,3,'河北区',120105),(25,3,'红桥区',120106),(26,3,'塘沽区',120107),(27,3,'汉沽区',120108),(28,3,'大港区',120109),(29,3,'东丽区',120110),(30,3,'西青区',120111),(31,3,'津南区',120112),(32,3,'北辰区',120113),(33,3,'武清区',120114),(34,3,'宝坻区',120115),(35,3,'滨海新区',120116),(36,4,'宁河县',120221),(37,4,'静海县',120223),(38,4,'蓟县',120225),(39,4,'其它区',120226),(40,5,'长安区',130102),(41,5,'桥东区',130103),(42,5,'桥西区',130104),(43,5,'新华区',130105),(44,5,'井陉矿区',130107),(45,5,'裕华区',130108),(46,5,'井陉县',130121),(47,5,'正定县',130123),(48,5,'栾城县',130124),(49,5,'行唐县',130125),(50,5,'灵寿县',130126),(51,5,'高邑县',130127),(52,5,'深泽县',130128),(53,5,'赞皇县',130129),(54,5,'无极县',130130),(55,5,'平山县',130131),(56,5,'元氏县',130132),(57,5,'赵县',130133),(58,5,'辛集市',130181),(59,5,'藁城市',130182),(60,5,'晋州市',130183),(61,5,'新乐市',130184),(62,5,'鹿泉市',130185),(63,5,'其它区',130186),(64,5,'市辖区',130101),(65,6,'路南区',130202),(66,6,'路北区',130203),(67,6,'古冶区',130204),(68,6,'开平区',130205),(69,6,'丰南区',130207),(70,6,'丰润区',130208),(71,6,'滦县',130223),(72,6,'滦南县',130224),(73,6,'乐亭县',130225),(74,6,'迁西县',130227),(75,6,'玉田县',130229),(76,6,'唐海县',130230),(77,6,'遵化市',130281),(78,6,'迁安市',130283),(79,6,'其它区',130284),(80,6,'市辖区',130201),(81,7,'海港区',130302),(82,7,'山海关区',130303),(83,7,'北戴河区',130304),(84,7,'青龙满族自治县',130321),(85,7,'昌黎县',130322),(86,7,'抚宁县',130323),(87,7,'卢龙县',130324),(88,7,'其它区',130398),(89,7,'经济技术开发区',130399),(90,7,'市辖区',130301),(91,8,'邯山区',130402),(92,8,'丛台区',130403),(93,8,'复兴区',130404),(94,8,'峰峰矿区',130406),(95,8,'邯郸县',130421),(96,8,'临漳县',130423),(97,8,'成安县',130424),(98,8,'大名县',130425),(99,8,'涉县',130426),(100,8,'磁县',130427),(101,8,'肥乡县',130428),(102,8,'永年县',130429),(103,8,'邱县',130430),(104,8,'鸡泽县',130431),(105,8,'广平县',130432),(106,8,'馆陶县',130433),(107,8,'魏县',130434),(108,8,'曲周县',130435),(109,8,'武安市',130481),(110,8,'其它区',130482),(111,8,'市辖区',130401),(112,9,'桥东区',130502),(113,9,'桥西区',130503),(114,9,'邢台县',130521),(115,9,'临城县',130522),(116,9,'内丘县',130523),(117,9,'柏乡县',130524),(118,9,'隆尧县',130525),(119,9,'任县',130526),(120,9,'南和县',130527),(121,9,'宁晋县',130528),(122,9,'巨鹿县',130529),(123,9,'新河县',130530),(124,9,'广宗县',130531),(125,9,'平乡县',130532),(126,9,'威县',130533),(127,9,'清河县',130534),(128,9,'临西县',130535),(129,9,'南宫市',130581),(130,9,'沙河市',130582),(131,9,'其它区',130583),(132,9,'市辖区',130501),(133,10,'新市区',130602),(136,10,'满城县',130621),(137,10,'清苑县',130622),(138,10,'涞水县',130623),(139,10,'阜平县',130624),(140,10,'徐水县',130625),(141,10,'定兴县',130626),(142,10,'唐县',130627),(143,10,'高阳县',130628),(144,10,'容城县',130629),(145,10,'涞源县',130630),(146,10,'望都县',130631),(147,10,'安新县',130632),(148,10,'易县',130633),(149,10,'曲阳县',130634),(150,10,'蠡县',130635),(151,10,'顺平县',130636),(152,10,'博野县',130637),(153,10,'雄县',130638),(154,10,'涿州市',130681),(155,10,'定州市',130682),(156,10,'安国市',130683),(157,10,'高碑店市',130684),(158,10,'高开区',130698),(159,10,'其它区',130699),(160,10,'市辖区',130601),(161,11,'桥东区',130702),(162,11,'桥西区',130703),(163,11,'宣化区',130705),(164,11,'下花园区',130706),(165,11,'宣化县',130721),(166,11,'张北县',130722),(167,11,'康保县',130723),(168,11,'沽源县',130724),(169,11,'尚义县',130725),(170,11,'蔚县',130726),(171,11,'阳原县',130727),(172,11,'怀安县',130728),(173,11,'万全县',130729),(174,11,'怀来县',130730),(175,11,'涿鹿县',130731),(176,11,'赤城县',130732),(177,11,'崇礼县',130733),(178,11,'其它区',130734),(179,11,'市辖区',130701),(180,12,'双桥区',130802),(181,12,'双滦区',130803),(182,12,'鹰手营子矿区',130804),(183,12,'承德县',130821),(184,12,'兴隆县',130822),(185,12,'平泉县',130823),(186,12,'滦平县',130824),(187,12,'隆化县',130825),(188,12,'丰宁满族自治县',130826),(189,12,'宽城满族自治县',130827),(190,12,'围场满族蒙古族自治县',130828),(191,12,'其它区',130829),(192,12,'市辖区',130801),(193,13,'新华区',130902),(194,13,'运河区',130903),(195,13,'沧县',130921),(196,13,'青县',130922),(197,13,'东光县',130923),(198,13,'海兴县',130924),(199,13,'盐山县',130925),(200,13,'肃宁县',130926),(201,13,'南皮县',130927),(202,13,'吴桥县',130928),(203,13,'献县',130929),(204,13,'孟村回族自治县',130930),(205,13,'泊头市',130981),(206,13,'任丘市',130982),(207,13,'黄骅市',130983),(208,13,'河间市',130984),(209,13,'其它区',130985),(210,13,'市辖区',130901),(211,14,'安次区',131002),(212,14,'广阳区',131003),(213,14,'固安县',131022),(214,14,'永清县',131023),(215,14,'香河县',131024),(216,14,'大城县',131025),(217,14,'文安县',131026),(218,14,'大厂回族自治县',131028),(219,14,'开发区',131051),(220,14,'燕郊经济技术开发区',131052),(221,14,'霸州市',131081),(222,14,'三河市',131082),(223,14,'其它区',131083),(224,14,'市辖区',131001),(225,15,'桃城区',131102),(226,15,'枣强县',131121),(227,15,'武邑县',131122),(228,15,'武强县',131123),(229,15,'饶阳县',131124),(230,15,'安平县',131125),(231,15,'故城县',131126),(232,15,'景县',131127),(233,15,'阜城县',131128),(234,15,'冀州市',131181),(235,15,'深州市',131182),(236,15,'其它区',131183),(237,15,'市辖区',131101),(238,16,'小店区',140105),(239,16,'迎泽区',140106),(240,16,'杏花岭区',140107),(241,16,'尖草坪区',140108),(242,16,'万柏林区',140109),(243,16,'晋源区',140110),(244,16,'清徐县',140121),(245,16,'阳曲县',140122),(246,16,'娄烦县',140123),(247,16,'古交市',140181),(248,16,'其它区',140182),(249,16,'市辖区',140101),(250,17,'城区',140202),(251,17,'矿区',140203),(252,17,'南郊区',140211),(253,17,'新荣区',140212),(254,17,'阳高县',140221),(255,17,'天镇县',140222),(256,17,'广灵县',140223),(257,17,'灵丘县',140224),(258,17,'浑源县',140225),(259,17,'左云县',140226),(260,17,'大同县',140227),(261,17,'其它区',140228),(262,17,'市辖区',140201),(263,18,'城区',140302),(264,18,'矿区',140303),(265,18,'郊区',140311),(266,18,'平定县',140321),(267,18,'盂县',140322),(268,18,'其它区',140323),(269,18,'市辖区',140301),(270,19,'长治县',140421),(271,19,'襄垣县',140423),(272,19,'屯留县',140424),(273,19,'平顺县',140425),(274,19,'黎城县',140426),(275,19,'壶关县',140427),(276,19,'长子县',140428),(277,19,'武乡县',140429),(278,19,'沁县',140430),(279,19,'沁源县',140431),(280,19,'潞城市',140481),(281,19,'城区',140482),(282,19,'郊区',140483),(283,19,'高新区',140484),(284,19,'其它区',140485),(285,19,'市辖区',140401),(288,20,'城区',140502),(289,20,'沁水县',140521),(290,20,'阳城县',140522),(291,20,'陵川县',140524),(292,20,'泽州县',140525),(293,20,'高平市',140581),(294,20,'其它区',140582),(295,20,'市辖区',140501),(296,21,'朔城区',140602),(297,21,'平鲁区',140603),(298,21,'山阴县',140621),(299,21,'应县',140622),(300,21,'右玉县',140623),(301,21,'怀仁县',140624),(302,21,'其它区',140625),(303,21,'市辖区',140601),(304,22,'榆次区',140702),(305,22,'榆社县',140721),(306,22,'左权县',140722),(307,22,'和顺县',140723),(308,22,'昔阳县',140724),(309,22,'寿阳县',140725),(310,22,'太谷县',140726),(311,22,'祁县',140727),(312,22,'平遥县',140728),(313,22,'灵石县',140729),(314,22,'介休市',140781),(315,22,'其它区',140782),(316,22,'市辖区',140701),(317,23,'盐湖区',140802),(318,23,'临猗县',140821),(319,23,'万荣县',140822),(320,23,'闻喜县',140823),(321,23,'稷山县',140824),(322,23,'新绛县',140825),(323,23,'绛县',140826),(324,23,'垣曲县',140827),(325,23,'夏县',140828),(326,23,'平陆县',140829),(327,23,'芮城县',140830),(328,23,'永济市',140881),(329,23,'河津市',140882),(330,23,'其它区',140883),(331,23,'市辖区',140801),(332,24,'忻府区',140902),(333,24,'定襄县',140921),(334,24,'五台县',140922),(335,24,'代县',140923),(336,24,'繁峙县',140924),(337,24,'宁武县',140925),(338,24,'静乐县',140926),(339,24,'神池县',140927),(340,24,'五寨县',140928),(341,24,'岢岚县',140929),(342,24,'河曲县',140930),(343,24,'保德县',140931),(344,24,'偏关县',140932),(345,24,'原平市',140981),(346,24,'其它区',140982),(347,24,'市辖区',140901),(348,25,'尧都区',141002),(349,25,'曲沃县',141021),(350,25,'翼城县',141022),(351,25,'襄汾县',141023),(352,25,'洪洞县',141024),(353,25,'古县',141025),(354,25,'安泽县',141026),(355,25,'浮山县',141027),(356,25,'吉县',141028),(357,25,'乡宁县',141029),(358,25,'大宁县',141030),(359,25,'隰县',141031),(360,25,'永和县',141032),(361,25,'蒲县',141033),(362,25,'汾西县',141034),(363,25,'侯马市',141081),(364,25,'霍州市',141082),(365,25,'其它区',141083),(366,25,'市辖区',141001),(367,26,'离石区',141102),(368,26,'文水县',141121),(369,26,'交城县',141122),(370,26,'兴县',141123),(371,26,'临县',141124),(372,26,'柳林县',141125),(373,26,'石楼县',141126),(374,26,'岚县',141127),(375,26,'方山县',141128),(376,26,'中阳县',141129),(377,26,'交口县',141130),(378,26,'孝义市',141181),(379,26,'汾阳市',141182),(380,26,'其它区',141183),(381,26,'市辖区',141101),(382,27,'新城区',150102),(383,27,'回民区',150103),(384,27,'玉泉区',150104),(385,27,'赛罕区',150105),(386,27,'土默特左旗',150121),(387,27,'托克托县',150122),(388,27,'和林格尔县',150123),(389,27,'清水河县',150124),(390,27,'武川县',150125),(391,27,'其它区',150126),(392,27,'市辖区',150101),(393,28,'东河区',150202),(394,28,'昆都仑区',150203),(395,28,'青山区',150204),(396,28,'石拐区',150205),(397,28,'白云矿区',150206),(398,28,'九原区',150207),(399,28,'土默特右旗',150221),(400,28,'固阳县',150222),(401,28,'达尔罕茂明安联合旗',150223),(402,28,'其它区',150224),(403,28,'市辖区',150201),(404,29,'海勃湾区',150302),(405,29,'海南区',150303),(406,29,'乌达区',150304),(407,29,'其它区',150305),(408,29,'市辖区',150301),(409,30,'红山区',150402),(410,30,'元宝山区',150403),(411,30,'松山区',150404),(412,30,'阿鲁科尔沁旗',150421),(413,30,'巴林左旗',150422),(414,30,'巴林右旗',150423),(415,30,'林西县',150424),(416,30,'克什克腾旗',150425),(417,30,'翁牛特旗',150426),(418,30,'喀喇沁旗',150428),(419,30,'宁城县',150429),(420,30,'敖汉旗',150430),(421,30,'其它区',150431),(422,30,'市辖区',150401),(423,31,'科尔沁区',150502),(424,31,'科尔沁左翼中旗',150521),(425,31,'科尔沁左翼后旗',150522),(426,31,'开鲁县',150523),(427,31,'库伦旗',150524),(428,31,'奈曼旗',150525),(429,31,'扎鲁特旗',150526),(430,31,'霍林郭勒市',150581),(431,31,'其它区',150582),(432,31,'市辖区',150501),(433,32,'东胜区',150602),(434,32,'达拉特旗',150621),(435,32,'准格尔旗',150622),(436,32,'鄂托克前旗',150623),(437,32,'鄂托克旗',150624),(438,32,'杭锦旗',150625),(439,32,'乌审旗',150626),(440,32,'伊金霍洛旗',150627),(441,32,'其它区',150628),(442,32,'市辖区',150601),(443,33,'海拉尔区',150702),(444,33,'阿荣旗',150721),(445,33,'莫力达瓦达斡尔族自治旗',150722),(446,33,'鄂伦春自治旗',150723),(447,33,'鄂温克族自治旗',150724),(448,33,'陈巴尔虎旗',150725),(449,33,'新巴尔虎左旗',150726),(450,33,'新巴尔虎右旗',150727),(451,33,'满洲里市',150781),(452,33,'牙克石市',150782),(453,33,'扎兰屯市',150783),(454,33,'额尔古纳市',150784),(455,33,'根河市',150785),(456,33,'其它区',150786),(457,33,'市辖区',150701),(458,34,'临河区',150802),(459,34,'五原县',150821),(460,34,'磴口县',150822),(461,34,'乌拉特前旗',150823),(462,34,'乌拉特中旗',150824),(463,34,'乌拉特后旗',150825),(464,34,'杭锦后旗',150826),(465,34,'其它区',150827),(466,34,'市辖区',150801),(467,35,'集宁区',150902),(468,35,'卓资县',150921),(469,35,'化德县',150922),(470,35,'商都县',150923),(471,35,'兴和县',150924),(472,35,'凉城县',150925),(473,35,'察哈尔右翼前旗',150926),(474,35,'察哈尔右翼中旗',150927),(475,35,'察哈尔右翼后旗',150928),(476,35,'四子王旗',150929),(477,35,'丰镇市',150981),(478,35,'其它区',150982),(479,35,'市辖区',150901),(480,36,'乌兰浩特市',152201),(481,36,'阿尔山市',152202),(482,36,'科尔沁右翼前旗',152221),(483,36,'科尔沁右翼中旗',152222),(484,36,'扎赉特旗',152223),(485,36,'突泉县',152224),(486,36,'其它区',152225),(487,37,'二连浩特市',152501),(488,37,'锡林浩特市',152502),(489,37,'阿巴嘎旗',152522),(490,37,'苏尼特左旗',152523),(491,37,'苏尼特右旗',152524),(492,37,'东乌珠穆沁旗',152525),(493,37,'西乌珠穆沁旗',152526),(494,37,'太仆寺旗',152527),(495,37,'镶黄旗',152528),(496,37,'正镶白旗',152529),(497,37,'正蓝旗',152530),(498,37,'多伦县',152531),(499,37,'其它区',152532),(500,38,'阿拉善左旗',152921),(501,38,'阿拉善右旗',152922),(502,38,'额济纳旗',152923),(503,38,'其它区',152924),(504,39,'和平区',210102),(505,39,'沈河区',210103),(506,39,'大东区',210104),(507,39,'皇姑区',210105),(508,39,'铁西区',210106),(509,39,'苏家屯区',210111),(510,39,'东陵区',210112),(511,39,'沈北新区',210113),(512,39,'于洪区',210114),(513,39,'辽中县',210122),(514,39,'康平县',210123),(515,39,'法库县',210124),(516,39,'新民市',210181),(517,39,'浑南新区',210182),(518,39,'张士开发区',210183),(520,39,'其它区',210185),(521,39,'市辖区',210101),(523,40,'中山区',210202),(524,40,'西岗区',210203),(525,40,'沙河口区',210204),(526,40,'甘井子区',210211),(527,40,'旅顺口区',210212),(528,40,'金州区',210213),(529,40,'长海县',210224),(530,40,'开发区',210251),(531,40,'瓦房店市',210281),(532,40,'普兰店市',210282),(533,40,'庄河市',210283),(534,40,'岭前区',210297),(535,40,'其它区',210298),(536,40,'市辖区',210201),(537,41,'铁东区',210302),(538,41,'铁西区',210303),(539,41,'立山区',210304),(540,41,'千山区',210311),(541,41,'台安县',210321),(542,41,'岫岩满族自治县',210323),(543,41,'高新区',210351),(544,41,'海城市',210381),(545,41,'其它区',210382),(546,41,'市辖区',210301),(547,42,'新抚区',210402),(548,42,'东洲区',210403),(549,42,'望花区',210404),(550,42,'顺城区',210411),(551,42,'抚顺县',210421),(552,42,'新宾满族自治县',210422),(553,42,'清原满族自治县',210423),(554,42,'其它区',210424),(555,42,'市辖区',210401),(556,43,'平山区',210502),(557,43,'溪湖区',210503),(558,43,'明山区',210504),(559,43,'南芬区',210505),(560,43,'本溪满族自治县',210521),(561,43,'桓仁满族自治县',210522),(562,43,'其它区',210523),(563,43,'市辖区',210501),(564,44,'元宝区',210602),(565,44,'振兴区',210603),(566,44,'振安区',210604),(567,44,'宽甸满族自治县',210624),(568,44,'东港市',210681),(569,44,'凤城市',210682),(570,44,'其它区',210683),(571,44,'市辖区',210601),(572,45,'古塔区',210702),(573,45,'凌河区',210703),(574,45,'太和区',210711),(575,45,'黑山县',210726),(576,45,'义县',210727),(577,45,'凌海市',210781),(578,45,'北镇市',210782),(579,45,'其它区',210783),(580,45,'市辖区',210701),(581,46,'站前区',210802),(582,46,'西市区',210803),(583,46,'鲅鱼圈区',210804),(584,46,'老边区',210811),(585,46,'盖州市',210881),(586,46,'大石桥市',210882),(587,46,'其它区',210883),(588,46,'市辖区',210801),(589,47,'海州区',210902),(590,47,'新邱区',210903),(591,47,'太平区',210904),(592,47,'清河门区',210905),(593,47,'细河区',210911),(594,47,'阜新蒙古族自治县',210921),(595,47,'彰武县',210922),(596,47,'其它区',210923),(597,47,'市辖区',210901),(598,48,'白塔区',211002),(599,48,'文圣区',211003),(600,48,'宏伟区',211004),(601,48,'弓长岭区',211005),(602,48,'太子河区',211011),(603,48,'辽阳县',211021),(604,48,'灯塔市',211081),(605,48,'其它区',211082),(606,48,'市辖区',211001),(607,49,'双台子区',211102),(608,49,'兴隆台区',211103),(609,49,'大洼县',211121),(610,49,'盘山县',211122),(611,49,'其它区',211123),(612,49,'市辖区',211101),(613,50,'银州区',211202),(614,50,'清河区',211204),(615,50,'铁岭县',211221),(616,50,'西丰县',211223),(617,50,'昌图县',211224),(618,50,'调兵山市',211281),(619,50,'开原市',211282),(620,50,'其它区',211283),(621,50,'市辖区',211201),(622,51,'双塔区',211302),(623,51,'龙城区',211303),(624,51,'朝阳县',211321),(625,51,'建平县',211322),(626,51,'喀喇沁左翼蒙古族自治县',211324),(627,51,'北票市',211381),(628,51,'凌源市',211382),(629,51,'其它区',211383),(630,51,'市辖区',211301),(631,52,'连山区',211402),(632,52,'龙港区',211403),(633,52,'南票区',211404),(634,52,'绥中县',211421),(635,52,'建昌县',211422),(636,52,'兴城市',211481),(637,52,'其它区',211482),(638,52,'市辖区',211401),(639,53,'南关区',220102),(640,53,'宽城区',220103),(641,53,'朝阳区',220104),(642,53,'二道区',220105),(643,53,'绿园区',220106),(644,53,'双阳区',220112),(645,53,'农安县',220122),(646,53,'九台市',220181),(647,53,'榆树市',220182),(648,53,'德惠市',220183),(649,53,'高新技术产业开发区',220184),(650,53,'汽车产业开发区',220185),(651,53,'经济技术开发区',220186),(652,53,'净月旅游开发区',220187),(653,53,'其它区',220188),(654,53,'市辖区',220101),(655,54,'昌邑区',220202),(656,54,'龙潭区',220203),(657,54,'船营区',220204),(658,54,'丰满区',220211),(659,54,'永吉县',220221),(660,54,'蛟河市',220281),(661,54,'桦甸市',220282),(662,54,'舒兰市',220283),(663,54,'磐石市',220284),(664,54,'其它区',220285),(665,54,'市辖区',220201),(666,55,'铁西区',220302),(667,55,'铁东区',220303),(668,55,'梨树县',220322),(669,55,'伊通满族自治县',220323),(670,55,'公主岭市',220381),(671,55,'双辽市',220382),(672,55,'其它区',220383),(673,55,'市辖区',220301),(674,56,'龙山区',220402),(675,56,'西安区',220403),(676,56,'东丰县',220421),(677,56,'东辽县',220422),(678,56,'其它区',220423),(679,56,'市辖区',220401),(680,57,'东昌区',220502),(681,57,'二道江区',220503),(682,57,'通化县',220521),(683,57,'辉南县',220523),(684,57,'柳河县',220524),(685,57,'梅河口市',220581),(686,57,'集安市',220582),(687,57,'其它区',220583),(688,57,'市辖区',220501),(689,58,'八道江区',220602),(690,58,'抚松县',220621),(691,58,'靖宇县',220622),(692,58,'长白朝鲜族自治县',220623),(693,58,'江源县',220625),(694,58,'临江市',220681),(695,58,'其它区',220682),(696,58,'市辖区',220601),(697,58,'江源区',220605),(698,59,'宁江区',220702),(699,59,'前郭尔罗斯蒙古族自治县',220721),(700,59,'长岭县',220722),(701,59,'乾安县',220723),(702,59,'扶余县',220724),(703,59,'其它区',220725),(704,59,'市辖区',220701),(705,60,'洮北区',220802),(706,60,'镇赉县',220821),(707,60,'通榆县',220822),(708,60,'洮南市',220881),(709,60,'大安市',220882),(710,60,'其它区',220883),(711,60,'市辖区',220801),(712,61,'延吉市',222401),(713,61,'图们市',222402),(714,61,'敦化市',222403),(715,61,'珲春市',222404),(716,61,'龙井市',222405),(717,61,'和龙市',222406),(718,61,'汪清县',222424),(719,61,'安图县',222426),(720,61,'其它区',222427),(721,62,'道里区',230102),(722,62,'南岗区',230103),(723,62,'道外区',230104),(725,62,'动力区',230107),(726,62,'平房区',230108),(727,62,'松北区',230109),(728,62,'呼兰区',230111),(729,62,'依兰县',230123),(730,62,'方正县',230124),(731,62,'宾县',230125),(732,62,'巴彦县',230126),(733,62,'木兰县',230127),(734,62,'通河县',230128),(735,62,'延寿县',230129),(736,62,'阿城市',230181),(737,62,'双城市',230182),(738,62,'尚志市',230183),(739,62,'五常市',230184),(741,62,'其它区',230186),(742,62,'市辖区',230101),(743,62,'香坊区',230110),(744,62,'阿城区',230112),(745,63,'龙沙区',230202),(746,63,'建华区',230203),(747,63,'铁锋区',230204),(748,63,'昂昂溪区',230205),(749,63,'富拉尔基区',230206),(750,63,'碾子山区',230207),(751,63,'梅里斯达斡尔族区',230208),(752,63,'龙江县',230221),(753,63,'依安县',230223),(754,63,'泰来县',230224),(755,63,'甘南县',230225),(756,63,'富裕县',230227),(757,63,'克山县',230229),(758,63,'克东县',230230),(759,63,'拜泉县',230231),(760,63,'讷河市',230281),(761,63,'其它区',230282),(762,63,'市辖区',230201),(763,64,'鸡冠区',230302),(764,64,'恒山区',230303),(765,64,'滴道区',230304),(766,64,'梨树区',230305),(767,64,'城子河区',230306),(768,64,'麻山区',230307),(769,64,'鸡东县',230321),(770,64,'虎林市',230381),(771,64,'密山市',230382),(772,64,'其它区',230383),(773,64,'市辖区',230301),(774,65,'向阳区',230402),(775,65,'工农区',230403),(776,65,'南山区',230404),(777,65,'兴安区',230405),(778,65,'东山区',230406),(779,65,'兴山区',230407),(780,65,'萝北县',230421),(781,65,'绥滨县',230422),(782,65,'其它区',230423),(783,65,'市辖区',230401),(784,66,'尖山区',230502),(785,66,'岭东区',230503),(786,66,'四方台区',230505),(787,66,'宝山区',230506),(788,66,'集贤县',230521),(789,66,'友谊县',230522),(790,66,'宝清县',230523),(791,66,'饶河县',230524),(792,66,'其它区',230525),(793,66,'市辖区',230501),(794,67,'萨尔图区',230602),(795,67,'龙凤区',230603),(796,67,'让胡路区',230604),(797,67,'红岗区',230605),(798,67,'大同区',230606),(799,67,'肇州县',230621),(800,67,'肇源县',230622),(801,67,'林甸县',230623),(802,67,'杜尔伯特蒙古族自治县',230624),(803,67,'其它区',230625),(804,67,'市辖区',230601),(805,68,'伊春区',230702),(806,68,'南岔区',230703),(807,68,'友好区',230704),(808,68,'西林区',230705),(809,68,'翠峦区',230706),(810,68,'新青区',230707),(811,68,'美溪区',230708),(812,68,'金山屯区',230709),(813,68,'五营区',230710),(814,68,'乌马河区',230711),(815,68,'汤旺河区',230712),(816,68,'带岭区',230713),(817,68,'乌伊岭区',230714),(818,68,'红星区',230715),(819,68,'上甘岭区',230716),(820,68,'嘉荫县',230722),(821,68,'铁力市',230781),(822,68,'其它区',230782),(823,68,'市辖区',230701),(824,69,'永红区',230802),(825,69,'向阳区',230803),(826,69,'前进区',230804),(827,69,'东风区',230805),(828,69,'郊区',230811),(829,69,'桦南县',230822),(830,69,'桦川县',230826),(831,69,'汤原县',230828),(832,69,'抚远县',230833),(833,69,'同江市',230881),(834,69,'富锦市',230882),(835,69,'其它区',230883),(836,69,'市辖区',230801),(837,70,'新兴区',230902),(838,70,'桃山区',230903),(839,70,'茄子河区',230904),(840,70,'勃利县',230921),(841,70,'其它区',230922),(842,70,'市辖区',230901),(843,71,'东安区',231002),(844,71,'阳明区',231003),(845,71,'爱民区',231004),(846,71,'西安区',231005),(847,71,'东宁县',231024),(848,71,'林口县',231025),(849,71,'绥芬河市',231081),(850,71,'海林市',231083),(851,71,'宁安市',231084),(852,71,'穆棱市',231085),(853,71,'其它区',231086),(854,71,'市辖区',231001),(855,72,'爱辉区',231102),(856,72,'嫩江县',231121),(857,72,'逊克县',231123),(858,72,'孙吴县',231124),(859,72,'北安市',231181),(860,72,'五大连池市',231182),(861,72,'其它区',231183),(862,72,'市辖区',231101),(863,73,'北林区',231202),(864,73,'望奎县',231221),(865,73,'兰西县',231222),(866,73,'青冈县',231223),(867,73,'庆安县',231224),(868,73,'明水县',231225),(869,73,'绥棱县',231226),(870,73,'安达市',231281),(871,73,'肇东市',231282),(872,73,'海伦市',231283),(873,73,'其它区',231284),(874,73,'市辖区',231201),(875,74,'呼玛县',232721),(876,74,'塔河县',232722),(877,74,'漠河县',232723),(879,74,'其它区',232725),(880,74,'加格达奇区',232701),(881,75,'黄浦区',310101),(882,75,'卢湾区',310103),(883,75,'徐汇区',310104),(884,75,'长宁区',310105),(885,75,'静安区',310106),(886,75,'普陀区',310107),(887,75,'闸北区',310108),(888,75,'虹口区',310109),(889,75,'杨浦区',310110),(890,75,'闵行区',310112),(891,75,'宝山区',310113),(892,75,'嘉定区',310114),(893,75,'浦东新区',310115),(894,75,'金山区',310116),(895,75,'松江区',310117),(896,75,'青浦区',310118),(897,75,'南汇区',310119),(898,75,'奉贤区',310120),(899,75,'川沙区',310152),(900,76,'崇明县',310230),(901,76,'其它区',310231),(902,77,'玄武区',320102),(903,77,'白下区',320103),(904,77,'秦淮区',320104),(905,77,'建邺区',320105),(906,77,'鼓楼区',320106),(907,77,'下关区',320107),(908,77,'浦口区',320111),(909,77,'栖霞区',320113),(910,77,'雨花台区',320114),(911,77,'江宁区',320115),(912,77,'六合区',320116),(913,77,'溧水县',320124),(914,77,'高淳县',320125),(915,77,'其它区',320126),(916,77,'市辖区',320101),(917,78,'崇安区',320202),(918,78,'南长区',320203),(919,78,'北塘区',320204),(920,78,'锡山区',320205),(921,78,'惠山区',320206),(922,78,'滨湖区',320211),(923,78,'江阴市',320281),(924,78,'宜兴市',320282),(926,78,'其它区',320297),(927,78,'市辖区',320201),(928,79,'鼓楼区',320302),(929,79,'云龙区',320303),(930,79,'九里区',320304),(931,79,'贾汪区',320305),(932,79,'泉山区',320311),(933,79,'丰县',320321),(934,79,'沛县',320322),(935,79,'铜山县',320323),(936,79,'睢宁县',320324),(937,79,'新沂市',320381),(938,79,'邳州市',320382),(939,79,'其它区',320383),(940,79,'市辖区',320301),(941,80,'天宁区',320402),(942,80,'钟楼区',320404),(943,80,'戚墅堰区',320405),(944,80,'新北区',320411),(945,80,'武进区',320412),(946,80,'溧阳市',320481),(947,80,'金坛市',320482),(948,80,'其它区',320483),(949,80,'市辖区',320401),(950,81,'沧浪区',320502),(951,81,'平江区',320503),(952,81,'金阊区',320504),(953,81,'虎丘区',320505),(954,81,'吴中区',320506),(955,81,'相城区',320507),(956,81,'常熟市',320581),(957,81,'张家港市',320582),(958,81,'昆山市',320583),(959,81,'吴江市',320584),(960,81,'太仓市',320585),(961,81,'新区',320594),(962,81,'园区',320595),(963,81,'其它区',320596),(964,81,'市辖区',320501),(965,82,'崇川区',320602),(966,82,'港闸区',320611),(967,82,'通州区',320612),(968,82,'海安县',320621),(969,82,'如东县',320623),(970,82,'启东市',320681),(971,82,'如皋市',320682),(972,82,'通州市',320683),(973,82,'海门市',320684),(975,82,'其它区',320694),(976,82,'市辖区',320601),(977,83,'连云区',320703),(978,83,'新浦区',320705),(979,83,'海州区',320706),(980,83,'赣榆县',320721),(981,83,'东海县',320722),(982,83,'灌云县',320723),(983,83,'灌南县',320724),(984,83,'其它区',320725),(985,83,'市辖区',320701),(986,84,'清河区',320802),(987,84,'淮安区',320803),(988,84,'淮阴区',320804),(989,84,'清浦区',320811),(990,84,'涟水县',320826),(991,84,'洪泽县',320829),(992,84,'盱眙县',320830),(993,84,'金湖县',320831),(994,84,'其它区',320832),(995,84,'市辖区',320801),(996,85,'亭湖区',320902),(997,85,'盐都区',320903),(998,85,'响水县',320921),(999,85,'滨海县',320922),(1000,85,'阜宁县',320923),(1001,85,'射阳县',320924),(1002,85,'建湖县',320925),(1003,85,'东台市',320981),(1004,85,'大丰市',320982),(1005,85,'其它区',320983),(1006,85,'市辖区',320901),(1007,86,'广陵区',321002),(1008,86,'邗江区',321003),(1009,86,'维扬区',321011),(1010,86,'宝应县',321023),(1011,86,'仪征市',321081),(1012,86,'高邮市',321084),(1013,86,'江都市',321088),(1014,86,'经济开发区',321092),(1015,86,'其它区',321093),(1016,86,'市辖区',321001),(1017,87,'京口区',321102),(1018,87,'润州区',321111),(1019,87,'丹徒区',321112),(1020,87,'丹阳市',321181),(1021,87,'扬中市',321182),(1022,87,'句容市',321183),(1023,87,'其它区',321184),(1024,87,'市辖区',321101),(1025,88,'海陵区',321202),(1026,88,'高港区',321203),(1027,88,'兴化市',321281),(1028,88,'靖江市',321282),(1029,88,'泰兴市',321283),(1030,88,'姜堰市',321284),(1031,88,'其它区',321285),(1032,88,'市辖区',321201),(1033,89,'宿城区',321302),(1034,89,'宿豫区',321311),(1035,89,'沭阳县',321322),(1036,89,'泗阳县',321323),(1037,89,'泗洪县',321324),(1038,89,'其它区',321325),(1039,89,'市辖区',321301),(1040,90,'上城区',330102),(1041,90,'下城区',330103),(1042,90,'江干区',330104),(1043,90,'拱墅区',330105),(1044,90,'西湖区',330106),(1045,90,'滨江区',330108),(1046,90,'萧山区',330109),(1047,90,'余杭区',330110),(1048,90,'下沙区',330122),(1049,90,'淳安县',330127),(1050,90,'建德市',330182),(1051,90,'富阳市',330183),(1052,90,'临安市',330185),(1053,90,'其它区',330186),(1054,90,'市辖区',330101),(1055,90,'桐庐县',330111),(1056,91,'海曙区',330203),(1057,91,'江东区',330204),(1058,91,'江北区',330205),(1059,91,'北仑区',330206),(1060,91,'镇海区',330211),(1061,91,'鄞州区',330212),(1062,91,'象山县',330225),(1063,91,'宁海县',330226),(1064,91,'余姚市',330281),(1065,91,'慈溪市',330282),(1066,91,'奉化市',330283),(1067,91,'其它区',330284),(1068,91,'市辖区',330201),(1069,92,'鹿城区',330302),(1070,92,'龙湾区',330303),(1071,92,'瓯海区',330304),(1072,92,'洞头县',330322),(1073,92,'永嘉县',330324),(1074,92,'平阳县',330326),(1075,92,'苍南县',330327),(1076,92,'文成县',330328),(1077,92,'泰顺县',330329),(1078,92,'瑞安市',330381),(1079,92,'乐清市',330382),(1080,92,'其它区',330384),(1081,92,'市辖区',330301),(1082,93,'南湖区',330402),(1083,93,'秀洲区',330411),(1084,93,'嘉善县',330421),(1085,93,'海盐县',330424),(1086,93,'海宁市',330481),(1087,93,'平湖市',330482),(1088,93,'桐乡市',330483),(1089,93,'其它区',330484),(1090,93,'市辖区',330401),(1091,94,'吴兴区',330502),(1092,94,'南浔区',330503),(1093,94,'德清县',330521),(1094,94,'长兴县',330522),(1095,94,'安吉县',330523),(1096,94,'其它区',330524),(1097,94,'市辖区',330501),(1098,95,'越城区',330602),(1099,95,'绍兴县',330621),(1100,95,'新昌县',330624),(1101,95,'诸暨市',330681),(1102,95,'上虞市',330682),(1103,95,'嵊州市',330683),(1104,95,'其它区',330684),(1105,95,'市辖区',330601),(1106,96,'婺城区',330702),(1107,96,'金东区',330703),(1108,96,'武义县',330723),(1109,96,'浦江县',330726),(1110,96,'磐安县',330727),(1111,96,'兰溪市',330781),(1112,96,'义乌市',330782),(1113,96,'东阳市',330783),(1114,96,'永康市',330784),(1115,96,'其它区',330785),(1116,96,'市辖区',330701),(1117,97,'柯城区',330802),(1118,97,'衢江区',330803),(1119,97,'常山县',330822),(1120,97,'开化县',330824),(1121,97,'龙游县',330825),(1122,97,'江山市',330881),(1123,97,'其它区',330882),(1124,97,'市辖区',330801),(1125,98,'定海区',330902),(1126,98,'普陀区',330903),(1127,98,'岱山县',330921),(1128,98,'嵊泗县',330922),(1129,98,'其它区',330923),(1130,98,'市辖区',330901),(1131,99,'椒江区',331002),(1132,99,'黄岩区',331003),(1133,99,'路桥区',331004),(1134,99,'玉环县',331021),(1135,99,'三门县',331022),(1136,99,'天台县',331023),(1137,99,'仙居县',331024),(1138,99,'温岭市',331081),(1139,99,'临海市',331082),(1140,99,'其它区',331083),(1141,99,'市辖区',331001),(1142,100,'莲都区',331102),(1143,100,'青田县',331121),(1144,100,'缙云县',331122),(1145,100,'遂昌县',331123),(1146,100,'松阳县',331124),(1147,100,'云和县',331125),(1148,100,'庆元县',331126),(1149,100,'景宁畲族自治县',331127),(1150,100,'龙泉市',331181),(1151,100,'其它区',331182),(1152,100,'市辖区',331101),(1153,101,'瑶海区',340102),(1154,101,'庐阳区',340103),(1155,101,'蜀山区',340104),(1156,101,'包河区',340111),(1157,101,'长丰县',340121),(1158,101,'肥东县',340122),(1159,101,'肥西县',340123),(1160,101,'高新区',340151),(1161,101,'中区',340191),(1162,101,'其它区',340192),(1163,101,'市辖区',340101),(1165,101,'庐江县',340181),(1166,103,'无为县',340224),(1167,106,'含山县',340522),(1170,103,'镜湖区',340202),(1171,103,'弋江区',340203),(1172,103,'鸠江区',340207),(1173,103,'三山区',340208),(1174,103,'芜湖县',340221),(1175,103,'繁昌县',340222),(1176,103,'南陵县',340223),(1177,103,'其它区',340224),(1178,103,'市辖区',340201),(1179,104,'龙子湖区',340302),(1180,104,'蚌山区',340303),(1181,104,'禹会区',340304),(1182,104,'淮上区',340311),(1183,104,'怀远县',340321),(1184,104,'五河县',340322),(1185,104,'固镇县',340323),(1186,104,'其它区',340324),(1187,104,'市辖区',340301),(1188,105,'大通区',340402),(1189,105,'田家庵区',340403),(1190,105,'谢家集区',340404),(1191,105,'八公山区',340405),(1192,105,'潘集区',340406),(1193,105,'凤台县',340421),(1194,105,'其它区',340422),(1195,105,'市辖区',340401),(1196,106,'金家庄区',340524),(1197,106,'花山区',340503),(1198,106,'雨山区',340504),(1199,106,'当涂县',340521),(1200,106,'其它区',340524),(1201,106,'市辖区',340501),(1202,107,'杜集区',340602),(1203,107,'相山区',340603),(1204,107,'烈山区',340604),(1205,107,'濉溪县',340621),(1206,107,'其它区',340622),(1207,107,'市辖区',340601),(1208,108,'铜官山区',340702),(1209,108,'狮子山区',340703),(1210,108,'郊区',340711),(1211,108,'铜陵县',340721),(1212,108,'其它区',340722),(1213,108,'市辖区',340701),(1214,109,'迎江区',340802),(1215,109,'大观区',340803),(1216,109,'宜秀区',340811),(1217,109,'怀宁县',340822),(1218,109,'枞阳县',340823),(1219,109,'潜山县',340824),(1220,109,'太湖县',340825),(1221,109,'宿松县',340826),(1222,109,'望江县',340827),(1223,109,'岳西县',340828),(1224,109,'桐城市',340881),(1225,109,'其它区',340882),(1226,109,'市辖区',340801),(1227,110,'屯溪区',341002),(1228,110,'黄山区',341003),(1229,110,'徽州区',341004),(1230,110,'歙县',341021),(1231,110,'休宁县',341022),(1232,110,'黟县',341023),(1233,110,'祁门县',341024),(1234,110,'其它区',341025),(1235,110,'市辖区',341001),(1236,111,'琅琊区',341102),(1237,111,'南谯区',341103),(1238,111,'来安县',341122),(1239,111,'全椒县',341124),(1240,111,'定远县',341125),(1241,111,'凤阳县',341126),(1242,111,'天长市',341181),(1243,111,'明光市',341182),(1244,111,'其它区',341183),(1245,111,'市辖区',341101),(1246,112,'颍州区',341202),(1247,112,'颍东区',341203),(1248,112,'颍泉区',341204),(1249,112,'临泉县',341221),(1250,112,'太和县',341222),(1251,112,'阜南县',341225),(1252,112,'颍上县',341226),(1253,112,'界首市',341282),(1254,112,'其它区',341283),(1255,112,'市辖区',341201),(1256,113,'埇桥区',341302),(1257,113,'砀山县',341321),(1258,113,'萧县',341322),(1259,113,'灵璧县',341323),(1260,113,'泗县',341324),(1261,113,'其它区',341325),(1262,113,'市辖区',341301),(1263,114,'金安区',341502),(1264,114,'裕安区',341503),(1265,114,'寿县',341521),(1266,114,'霍邱县',341522),(1267,114,'舒城县',341523),(1268,114,'金寨县',341524),(1269,114,'霍山县',341525),(1270,114,'其它区',341526),(1271,114,'市辖区',341501),(1272,115,'谯城区',341602),(1273,115,'涡阳县',341621),(1274,115,'蒙城县',341622),(1275,115,'利辛县',341623),(1276,115,'其它区',341624),(1277,115,'市辖区',341601),(1278,116,'贵池区',341702),(1279,116,'东至县',341721),(1280,116,'石台县',341722),(1281,116,'青阳县',341723),(1282,116,'其它区',341724),(1283,116,'市辖区',341701),(1284,117,'宣州区',341802),(1285,117,'郎溪县',341821),(1286,117,'广德县',341822),(1287,117,'泾县',341823),(1288,117,'绩溪县',341824),(1289,117,'旌德县',341825),(1290,117,'宁国市',341881),(1291,117,'其它区',341882),(1292,117,'市辖区',341801),(1293,118,'鼓楼区',350102),(1294,118,'台江区',350103),(1295,118,'仓山区',350104),(1296,118,'马尾区',350105),(1297,118,'晋安区',350111),(1298,118,'闽侯县',350121),(1299,118,'连江县',350122),(1300,118,'罗源县',350123),(1301,118,'闽清县',350124),(1302,118,'永泰县',350125),(1303,118,'平潭县',350128),(1304,118,'福清市',350181),(1305,118,'长乐市',350182),(1306,118,'其它区',350183),(1307,118,'市辖区',350101),(1308,119,'思明区',350203),(1309,119,'海沧区',350205),(1310,119,'湖里区',350206),(1311,119,'集美区',350211),(1312,119,'同安区',350212),(1313,119,'翔安区',350213),(1314,119,'其它区',350214),(1315,119,'市辖区',350201),(1316,120,'城厢区',350302),(1317,120,'涵江区',350303),(1318,120,'荔城区',350304),(1319,120,'秀屿区',350305),(1320,120,'仙游县',350322),(1321,120,'其它区',350323),(1322,120,'市辖区',350301),(1323,121,'梅列区',350402),(1324,121,'三元区',350403),(1325,121,'明溪县',350421),(1326,121,'清流县',350423),(1327,121,'宁化县',350424),(1328,121,'大田县',350425),(1329,121,'尤溪县',350426),(1330,121,'沙县',350427),(1331,121,'将乐县',350428),(1332,121,'泰宁县',350429),(1333,121,'建宁县',350430),(1334,121,'永安市',350481),(1335,121,'其它区',350482),(1336,121,'市辖区',350401),(1337,122,'鲤城区',350502),(1338,122,'丰泽区',350503),(1339,122,'洛江区',350504),(1340,122,'泉港区',350505),(1341,122,'惠安县',350521),(1342,122,'安溪县',350524),(1343,122,'永春县',350525),(1344,122,'德化县',350526),(1345,122,'金门县',350527),(1346,122,'石狮市',350581),(1347,122,'晋江市',350582),(1348,122,'南安市',350583),(1349,122,'其它区',350584),(1350,122,'市辖区',350501),(1351,123,'芗城区',350602),(1352,123,'龙文区',350603),(1353,123,'云霄县',350622),(1354,123,'漳浦县',350623),(1355,123,'诏安县',350624),(1356,123,'长泰县',350625),(1357,123,'东山县',350626),(1358,123,'南靖县',350627),(1359,123,'平和县',350628),(1360,123,'华安县',350629),(1361,123,'龙海市',350681),(1362,123,'其它区',350682),(1363,123,'市辖区',350601),(1364,124,'延平区',350702),(1365,124,'顺昌县',350721),(1366,124,'浦城县',350722),(1367,124,'光泽县',350723),(1368,124,'松溪县',350724),(1369,124,'政和县',350725),(1370,124,'邵武市',350781),(1371,124,'武夷山市',350782),(1372,124,'建瓯市',350783),(1373,124,'建阳市',350784),(1374,124,'其它区',350785),(1375,124,'市辖区',350701),(1376,125,'新罗区',350802),(1377,125,'长汀县',350821),(1378,125,'永定县',350822),(1379,125,'上杭县',350823),(1380,125,'武平县',350824),(1381,125,'连城县',350825),(1382,125,'漳平市',350881),(1383,125,'其它区',350882),(1384,125,'市辖区',350801),(1385,126,'蕉城区',350902),(1386,126,'霞浦县',350921),(1387,126,'古田县',350922),(1388,126,'屏南县',350923),(1389,126,'寿宁县',350924),(1390,126,'周宁县',350925),(1391,126,'柘荣县',350926),(1392,126,'福安市',350981),(1393,126,'福鼎市',350982),(1394,126,'其它区',350983),(1395,126,'市辖区',350901),(1396,127,'东湖区',360102),(1397,127,'西湖区',360103),(1398,127,'青云谱区',360104),(1399,127,'湾里区',360105),(1400,127,'青山湖区',360111),(1401,127,'南昌县',360121),(1402,127,'新建县',360122),(1403,127,'安义县',360123),(1404,127,'进贤县',360124),(1405,127,'红谷滩新区',360125),(1406,127,'经济技术开发区',360126),(1407,127,'昌北区',360127),(1408,127,'其它区',360128),(1409,127,'市辖区',360101),(1410,128,'昌江区',360202),(1411,128,'珠山区',360203),(1412,128,'浮梁县',360222),(1413,128,'乐平市',360281),(1414,128,'其它区',360282),(1415,128,'市辖区',360201),(1416,129,'安源区',360302),(1417,129,'湘东区',360313),(1418,129,'莲花县',360321),(1419,129,'上栗县',360322),(1420,129,'芦溪县',360323),(1421,129,'其它区',360324),(1422,129,'市辖区',360301),(1423,130,'庐山区',360402),(1424,130,'浔阳区',360403),(1425,130,'九江县',360421),(1426,130,'武宁县',360423),(1427,130,'修水县',360424),(1428,130,'永修县',360425),(1429,130,'德安县',360426),(1430,130,'星子县',360427),(1431,130,'都昌县',360428),(1432,130,'湖口县',360429),(1433,130,'彭泽县',360430),(1434,130,'瑞昌市',360481),(1435,130,'其它区',360482),(1436,130,'市辖区',360401),(1437,131,'渝水区',360502),(1438,131,'分宜县',360521),(1439,131,'其它区',360522),(1440,131,'市辖区',360501),(1441,132,'月湖区',360602),(1442,132,'余江县',360622),(1443,132,'贵溪市',360681),(1444,132,'其它区',360682),(1445,132,'市辖区',360601),(1446,133,'章贡区',360702),(1447,133,'赣县',360721),(1448,133,'信丰县',360722),(1449,133,'大余县',360723),(1450,133,'上犹县',360724),(1451,133,'崇义县',360725),(1452,133,'安远县',360726),(1453,133,'龙南县',360727),(1454,133,'定南县',360728),(1455,133,'全南县',360729),(1456,133,'宁都县',360730),(1457,133,'于都县',360731),(1458,133,'兴国县',360732),(1459,133,'会昌县',360733),(1460,133,'寻乌县',360734),(1461,133,'石城县',360735),(1462,133,'黄金区',360751),(1463,133,'瑞金市',360781),(1464,133,'南康市',360782),(1465,133,'其它区',360783),(1466,133,'市辖区',360701),(1467,134,'吉州区',360802),(1468,134,'青原区',360803),(1469,134,'吉安县',360821),(1470,134,'吉水县',360822),(1471,134,'峡江县',360823),(1472,134,'新干县',360824),(1473,134,'永丰县',360825),(1474,134,'泰和县',360826),(1475,134,'遂川县',360827),(1476,134,'万安县',360828),(1477,134,'安福县',360829),(1478,134,'永新县',360830),(1479,134,'井冈山市',360881),(1480,134,'其它区',360882),(1481,134,'市辖区',360801),(1482,135,'袁州区',360902),(1483,135,'奉新县',360921),(1484,135,'万载县',360922),(1485,135,'上高县',360923),(1486,135,'宜丰县',360924),(1487,135,'靖安县',360925),(1488,135,'铜鼓县',360926),(1489,135,'丰城市',360981),(1490,135,'樟树市',360982),(1491,135,'高安市',360983),(1492,135,'其它区',360984),(1493,135,'市辖区',360901),(1494,136,'临川区',361002),(1495,136,'南城县',361021),(1496,136,'黎川县',361022),(1497,136,'南丰县',361023),(1498,136,'崇仁县',361024),(1499,136,'乐安县',361025),(1500,136,'宜黄县',361026),(1501,136,'金溪县',361027),(1502,136,'资溪县',361028),(1503,136,'东乡县',361029),(1504,136,'广昌县',361030),(1505,136,'其它区',361031),(1506,136,'市辖区',361001),(1507,137,'信州区',361102),(1508,137,'上饶县',361121),(1509,137,'广丰县',361122),(1510,137,'玉山县',361123),(1511,137,'铅山县',361124),(1512,137,'横峰县',361125),(1513,137,'弋阳县',361126),(1514,137,'余干县',361127),(1515,137,'鄱阳县',361128),(1516,137,'万年县',361129),(1517,137,'婺源县',361130),(1518,137,'德兴市',361181),(1519,137,'其它区',361182),(1520,137,'市辖区',361101),(1521,138,'历下区',370102),(1522,138,'市中区',370103),(1523,138,'槐荫区',370104),(1524,138,'天桥区',370105),(1525,138,'历城区',370112),(1526,138,'长清区',370113),(1527,138,'平阴县',370124),(1528,138,'济阳县',370125),(1529,138,'商河县',370126),(1530,138,'章丘市',370181),(1531,138,'其它区',370182),(1532,138,'市辖区',370101),(1533,139,'市南区',370202),(1534,139,'市北区',370203),(1535,139,'四方区',370205),(1536,139,'黄岛区',370211),(1537,139,'崂山区',370212),(1538,139,'李沧区',370213),(1539,139,'城阳区',370214),(1540,139,'开发区',370251),(1541,139,'胶州市',370281),(1542,139,'即墨市',370282),(1543,139,'平度市',370283),(1544,139,'胶南市',370284),(1545,139,'莱西市',370285),(1546,139,'其它区',370286),(1547,139,'市辖区',370201),(1548,140,'淄川区',370302),(1549,140,'张店区',370303),(1550,140,'博山区',370304),(1551,140,'临淄区',370305),(1552,140,'周村区',370306),(1553,140,'桓台县',370321),(1554,140,'高青县',370322),(1555,140,'沂源县',370323),(1556,140,'其它区',370324),(1557,140,'市辖区',370301),(1558,141,'市中区',370402),(1559,141,'薛城区',370403),(1560,141,'峄城区',370404),(1561,141,'台儿庄区',370405),(1562,141,'山亭区',370406),(1563,141,'滕州市',370481),(1564,141,'其它区',370482),(1565,141,'市辖区',370401),(1566,142,'东营区',370502),(1567,142,'河口区',370503),(1568,142,'垦利县',370521),(1569,142,'利津县',370522),(1570,142,'广饶县',370523),(1571,142,'西城区',370589),(1572,142,'东城区',370590),(1573,142,'其它区',370591),(1574,142,'市辖区',370501),(1575,143,'芝罘区',370602),(1576,143,'福山区',370611),(1577,143,'牟平区',370612),(1578,143,'莱山区',370613),(1579,143,'长岛县',370634),(1580,143,'龙口市',370681),(1581,143,'莱阳市',370682),(1582,143,'莱州市',370683),(1583,143,'蓬莱市',370684),(1584,143,'招远市',370685),(1585,143,'栖霞市',370686),(1586,143,'海阳市',370687),(1587,143,'其它区',370688),(1588,143,'市辖区',370601),(1589,144,'潍城区',370702),(1590,144,'寒亭区',370703),(1591,144,'坊子区',370704),(1592,144,'奎文区',370705),(1593,144,'临朐县',370724),(1594,144,'昌乐县',370725),(1595,144,'开发区',370751),(1596,144,'青州市',370781),(1597,144,'诸城市',370782),(1598,144,'寿光市',370783),(1599,144,'安丘市',370784),(1600,144,'高密市',370785),(1601,144,'昌邑市',370786),(1602,144,'其它区',370787),(1603,144,'市辖区',370701),(1604,145,'市中区',370802),(1605,145,'任城区',370811),(1606,145,'微山县',370826),(1607,145,'鱼台县',370827),(1608,145,'金乡县',370828),(1609,145,'嘉祥县',370829),(1610,145,'汶上县',370830),(1611,145,'泗水县',370831),(1612,145,'梁山县',370832),(1613,145,'曲阜市',370881),(1614,145,'兖州市',370882),(1615,145,'邹城市',370883),(1616,145,'其它区',370884),(1617,145,'市辖区',370801),(1618,146,'泰山区',370902),(1620,146,'宁阳县',370921),(1621,146,'东平县',370923),(1622,146,'新泰市',370982),(1623,146,'肥城市',370983),(1624,146,'其它区',370984),(1625,146,'市辖区',370901),(1626,146,'岱岳区',370911),(1627,147,'环翠区',371002),(1628,147,'文登市',371081),(1629,147,'荣成市',371082),(1630,147,'乳山市',371083),(1631,147,'其它区',371084),(1632,147,'市辖区',371001),(1633,148,'东港区',371102),(1634,148,'岚山区',371103),(1635,148,'五莲县',371121),(1636,148,'莒县',371122),(1637,148,'其它区',371123),(1638,148,'市辖区',371101),(1639,149,'莱城区',371202),(1640,149,'钢城区',371203),(1641,149,'其它区',371204),(1642,149,'市辖区',371201),(1643,150,'兰山区',371302),(1644,150,'罗庄区',371311),(1645,150,'河东区',371312),(1646,150,'沂南县',371321),(1647,150,'郯城县',371322),(1648,150,'沂水县',371323),(1649,150,'苍山县',371324),(1650,150,'费县',371325),(1651,150,'平邑县',371326),(1652,150,'莒南县',371327),(1653,150,'蒙阴县',371328),(1654,150,'临沭县',371329),(1655,150,'其它区',371330),(1656,150,'市辖区',371301),(1657,151,'德城区',371402),(1658,151,'陵县',371421),(1659,151,'宁津县',371422),(1660,151,'庆云县',371423),(1661,151,'临邑县',371424),(1662,151,'齐河县',371425),(1663,151,'平原县',371426),(1664,151,'夏津县',371427),(1665,151,'武城县',371428),(1666,151,'开发区',371451),(1667,151,'乐陵市',371481),(1668,151,'禹城市',371482),(1669,151,'其它区',371483),(1670,151,'市辖区',371401),(1671,152,'东昌府区',371502),(1672,152,'阳谷县',371521),(1673,152,'莘县',371522),(1674,152,'茌平县',371523),(1675,152,'东阿县',371524),(1676,152,'冠县',371525),(1677,152,'高唐县',371526),(1678,152,'临清市',371581),(1679,152,'其它区',371582),(1680,152,'市辖区',371501),(1681,153,'滨城区',371602),(1682,153,'惠民县',371621),(1683,153,'阳信县',371622),(1684,153,'无棣县',371623),(1685,153,'沾化县',371624),(1686,153,'博兴县',371625),(1687,153,'邹平县',371626),(1688,153,'其它区',371627),(1689,153,'市辖区',371601),(1690,154,'牡丹区',371702),(1691,154,'曹县',371721),(1692,154,'单县',371722),(1693,154,'成武县',371723),(1694,154,'巨野县',371724),(1695,154,'郓城县',371725),(1696,154,'鄄城县',371726),(1697,154,'定陶县',371727),(1698,154,'东明县',371728),(1699,154,'其它区',371729),(1700,154,'市辖区',371701),(1701,155,'中原区',410102),(1702,155,'二七区',410103),(1703,155,'管城回族区',410104),(1704,155,'金水区',410105),(1705,155,'上街区',410106),(1706,155,'惠济区',410108),(1707,155,'中牟县',410122),(1708,155,'巩义市',410181),(1709,155,'荥阳市',410182),(1710,155,'新密市',410183),(1711,155,'新郑市',410184),(1712,155,'登封市',410185),(1713,155,'郑东新区',410186),(1714,155,'高新区',410187),(1715,155,'其它区',410188),(1716,155,'市辖区',410101),(1717,156,'龙亭区',410202),(1718,156,'顺河回族区',410203),(1719,156,'鼓楼区',410204),(1720,156,'禹王台区',410205),(1721,156,'金明区',410211),(1722,156,'杞县',410221),(1723,156,'通许县',410222),(1724,156,'尉氏县',410223),(1725,156,'开封县',410224),(1726,156,'兰考县',410225),(1727,156,'其它区',410226),(1728,156,'市辖区',410201),(1729,157,'老城区',410302),(1730,157,'西工区',410303),(1731,157,'瀍河回族区',410304),(1732,157,'涧西区',410305),(1733,157,'吉利区',410306),(1735,157,'孟津县',410322),(1736,157,'新安县',410323),(1737,157,'栾川县',410324),(1738,157,'嵩县',410325),(1739,157,'汝阳县',410326),(1740,157,'宜阳县',410327),(1741,157,'洛宁县',410328),(1742,157,'伊川县',410329),(1743,157,'偃师市',410381),(1744,157,'市辖区',410301),(1745,157,'洛龙区',410311),(1746,158,'新华区',410402),(1747,158,'卫东区',410403),(1748,158,'石龙区',410404),(1749,158,'湛河区',410411),(1750,158,'宝丰县',410421),(1751,158,'叶县',410422),(1752,158,'鲁山县',410423),(1753,158,'郏县',410425),(1754,158,'舞钢市',410481),(1755,158,'汝州市',410482),(1756,158,'其它区',410483),(1757,158,'市辖区',410401),(1758,159,'文峰区',410502),(1759,159,'北关区',410503),(1760,159,'殷都区',410505),(1761,159,'龙安区',410506),(1762,159,'安阳县',410522),(1763,159,'汤阴县',410523),(1764,159,'滑县',410526),(1765,159,'内黄县',410527),(1766,159,'林州市',410581),(1767,159,'其它区',410582),(1768,159,'市辖区',410501),(1769,160,'鹤山区',410602),(1770,160,'山城区',410603),(1771,160,'淇滨区',410611),(1772,160,'浚县',410621),(1773,160,'淇县',410622),(1774,160,'其它区',410623),(1775,160,'市辖区',410601),(1776,161,'红旗区',410702),(1777,161,'卫滨区',410703),(1778,161,'凤泉区',410704),(1779,161,'牧野区',410711),(1780,161,'新乡县',410721),(1781,161,'获嘉县',410724),(1782,161,'原阳县',410725),(1783,161,'延津县',410726),(1784,161,'封丘县',410727),(1785,161,'长垣县',410728),(1786,161,'卫辉市',410781),(1787,161,'辉县市',410782),(1788,161,'其它区',410783),(1789,161,'市辖区',410701),(1790,162,'解放区',410802),(1791,162,'中站区',410803),(1792,162,'马村区',410804),(1793,162,'山阳区',410811),(1794,162,'修武县',410821),(1795,162,'博爱县',410822),(1796,162,'武陟县',410823),(1797,162,'温县',410825),(1798,162,'沁阳市',410882),(1799,162,'孟州市',410883),(1800,162,'其它区',410884),(1801,162,'济源市',410881),(1802,162,'市辖区',410801),(1803,163,'华龙区',410902),(1804,163,'清丰县',410922),(1805,163,'南乐县',410923),(1806,163,'范县',410926),(1807,163,'台前县',410927),(1808,163,'濮阳县',410928),(1809,163,'其它区',410929),(1810,163,'市辖区',410901),(1811,164,'魏都区',411002),(1812,164,'许昌县',411023),(1813,164,'鄢陵县',411024),(1814,164,'襄城县',411025),(1815,164,'禹州市',411081),(1816,164,'长葛市',411082),(1817,164,'其它区',411083),(1818,164,'市辖区',411001),(1819,165,'源汇区',411102),(1820,165,'郾城区',411103),(1821,165,'召陵区',411104),(1822,165,'舞阳县',411121),(1823,165,'临颍县',411122),(1824,165,'其它区',411123),(1825,165,'市辖区',411101),(1826,166,'湖滨区',411202),(1827,166,'渑池县',411221),(1828,166,'陕县',411222),(1829,166,'卢氏县',411224),(1830,166,'义马市',411281),(1831,166,'灵宝市',411282),(1832,166,'其它区',411283),(1833,166,'市辖区',411201),(1834,167,'宛城区',411302),(1835,167,'卧龙区',411303),(1836,167,'南召县',411321),(1837,167,'方城县',411322),(1838,167,'西峡县',411323),(1839,167,'镇平县',411324),(1840,167,'内乡县',411325),(1841,167,'淅川县',411326),(1842,167,'社旗县',411327),(1843,167,'唐河县',411328),(1844,167,'新野县',411329),(1845,167,'桐柏县',411330),(1846,167,'邓州市',411381),(1847,167,'其它区',411382),(1848,167,'市辖区',411301),(1849,168,'梁园区',411402),(1850,168,'睢阳区',411403),(1851,168,'民权县',411421),(1852,168,'睢县',411422),(1853,168,'宁陵县',411423),(1854,168,'柘城县',411424),(1855,168,'虞城县',411425),(1856,168,'夏邑县',411426),(1857,168,'永城市',411481),(1858,168,'其它区',411482),(1859,168,'市辖区',411401),(1860,169,'浉河区',411502),(1861,169,'平桥区',411503),(1862,169,'罗山县',411521),(1863,169,'光山县',411522),(1864,169,'新县',411523),(1865,169,'商城县',411524),(1866,169,'固始县',411525),(1867,169,'潢川县',411526),(1868,169,'淮滨县',411527),(1869,169,'息县',411528),(1870,169,'其它区',411529),(1871,169,'市辖区',411501),(1872,170,'川汇区',411602),(1873,170,'扶沟县',411621),(1874,170,'西华县',411622),(1875,170,'商水县',411623),(1876,170,'沈丘县',411624),(1877,170,'郸城县',411625),(1878,170,'淮阳县',411626),(1879,170,'太康县',411627),(1880,170,'鹿邑县',411628),(1881,170,'项城市',411681),(1882,170,'其它区',411682),(1883,170,'市辖区',411601),(1884,171,'驿城区',411702),(1885,171,'西平县',411721),(1886,171,'上蔡县',411722),(1887,171,'平舆县',411723),(1888,171,'正阳县',411724),(1889,171,'确山县',411725),(1890,171,'泌阳县',411726),(1891,171,'汝南县',411727),(1892,171,'遂平县',411728),(1893,171,'新蔡县',411729),(1894,171,'其它区',411730),(1895,171,'市辖区',411701),(1896,172,'江岸区',420102),(1897,172,'江汉区',420103),(1898,172,'硚口区',420104),(1899,172,'汉阳区',420105),(1900,172,'武昌区',420106),(1901,172,'青山区',420107),(1902,172,'洪山区',420111),(1903,172,'东西湖区',420112),(1904,172,'汉南区',420113),(1905,172,'蔡甸区',420114),(1906,172,'江夏区',420115),(1907,172,'黄陂区',420116),(1908,172,'新洲区',420117),(1909,172,'其它区',420118),(1910,172,'市辖区',420101),(1911,173,'黄石港区',420202),(1912,173,'西塞山区',420203),(1913,173,'下陆区',420204),(1914,173,'铁山区',420205),(1915,173,'阳新县',420222),(1916,173,'大冶市',420281),(1917,173,'其它区',420282),(1918,173,'市辖区',420201),(1919,174,'茅箭区',420302),(1920,174,'张湾区',420303),(1921,174,'郧县',420321),(1922,174,'郧西县',420322),(1923,174,'竹山县',420323),(1924,174,'竹溪县',420324),(1925,174,'房县',420325),(1926,174,'丹江口市',420381),(1927,174,'城区',420382),(1928,174,'其它区',420383),(1929,174,'市辖区',420301),(1930,175,'西陵区',420502),(1931,175,'伍家岗区',420503),(1932,175,'点军区',420504),(1933,175,'猇亭区',420505),(1934,175,'夷陵区',420506),(1935,175,'远安县',420525),(1936,175,'兴山县',420526),(1937,175,'秭归县',420527),(1938,175,'长阳土家族自治县',420528),(1939,175,'五峰土家族自治县',420529),(1940,175,'葛洲坝区',420551),(1941,175,'开发区',420552),(1942,175,'宜都市',420581),(1943,175,'当阳市',420582),(1944,175,'枝江市',420583),(1945,175,'其它区',420584),(1946,175,'市辖区',420501),(1947,176,'襄城区',420602),(1948,176,'樊城区',420606),(1949,176,'襄阳区',420607),(1950,176,'南漳县',420624),(1951,176,'谷城县',420625),(1952,176,'保康县',420626),(1953,176,'老河口市',420682),(1954,176,'枣阳市',420683),(1955,176,'宜城市',420684),(1956,176,'其它区',420685),(1957,176,'市辖区',420601),(1958,177,'梁子湖区',420702),(1959,177,'华容区',420703),(1960,177,'鄂城区',420704),(1961,177,'其它区',420705),(1962,177,'市辖区',420701),(1963,178,'东宝区',420802),(1964,178,'掇刀区',420804),(1965,178,'京山县',420821),(1966,178,'沙洋县',420822),(1967,178,'钟祥市',420881),(1968,178,'其它区',420882),(1969,178,'市辖区',420801),(1970,179,'孝南区',420902),(1971,179,'孝昌县',420921),(1972,179,'大悟县',420922),(1973,179,'云梦县',420923),(1974,179,'应城市',420981),(1975,179,'安陆市',420982),(1976,179,'汉川市',420984),(1977,179,'其它区',420985),(1978,179,'市辖区',420901),(1979,180,'沙市区',421002),(1980,180,'荆州区',421003),(1981,180,'公安县',421022),(1982,180,'监利县',421023),(1983,180,'江陵县',421024),(1984,180,'石首市',421081),(1985,180,'洪湖市',421083),(1986,180,'松滋市',421087),(1987,180,'其它区',421088),(1988,180,'市辖区',421001),(1989,181,'黄州区',421102),(1990,181,'团风县',421121),(1991,181,'红安县',421122),(1992,181,'罗田县',421123),(1993,181,'英山县',421124),(1994,181,'浠水县',421125),(1995,181,'蕲春县',421126),(1996,181,'黄梅县',421127),(1997,181,'麻城市',421181),(1998,181,'武穴市',421182),(1999,181,'其它区',421183),(2000,181,'市辖区',421101),(2001,182,'咸安区',421202),(2002,182,'嘉鱼县',421221),(2003,182,'通城县',421222),(2004,182,'崇阳县',421223),(2005,182,'通山县',421224),(2006,182,'赤壁市',421281),(2007,182,'温泉城区',421282),(2008,182,'其它区',421283),(2009,182,'市辖区',421201),(2010,183,'曾都区',421302),(2011,183,'随县',421321),(2012,183,'广水市',421381),(2013,183,'其它区',421382),(2014,183,'市辖区',421301),(2015,184,'恩施市',422801),(2016,184,'利川市',422802),(2017,184,'建始县',422822),(2018,184,'巴东县',422823),(2019,184,'宣恩县',422825),(2020,184,'咸丰县',422826),(2021,184,'来凤县',422827),(2022,184,'鹤峰县',422828),(2023,184,'其它区',422829),(2024,185,'仙桃市',429004),(2025,185,'潜江市',429005),(2026,185,'天门市',429006),(2027,185,'神农架林区',429021),(2028,186,'芙蓉区',430102),(2029,186,'天心区',430103),(2030,186,'岳麓区',430104),(2031,186,'开福区',430105),(2032,186,'雨花区',430111),(2033,186,'长沙县',430121),(2034,186,'望城县',430122),(2035,186,'宁乡县',430124),(2036,186,'浏阳市',430181),(2037,186,'其它区',430182),(2038,186,'市辖区',430101),(2039,187,'荷塘区',430202),(2040,187,'芦淞区',430203),(2041,187,'石峰区',430204),(2042,187,'天元区',430211),(2043,187,'株洲县',430221),(2044,187,'攸县',430223),(2045,187,'茶陵县',430224),(2046,187,'炎陵县',430225),(2047,187,'醴陵市',430281),(2048,187,'其它区',430282),(2049,187,'市辖区',430201),(2050,188,'雨湖区',430302),(2051,188,'岳塘区',430304),(2052,188,'湘潭县',430321),(2053,188,'湘乡市',430381),(2054,188,'韶山市',430382),(2055,188,'其它区',430383),(2056,188,'市辖区',430301),(2057,189,'珠晖区',430405),(2058,189,'雁峰区',430406),(2059,189,'石鼓区',430407),(2060,189,'蒸湘区',430408),(2061,189,'南岳区',430412),(2062,189,'衡阳县',430421),(2063,189,'衡南县',430422),(2064,189,'衡山县',430423),(2065,189,'衡东县',430424),(2066,189,'祁东县',430426),(2067,189,'耒阳市',430481),(2068,189,'常宁市',430482),(2069,189,'其它区',430483),(2070,189,'市辖区',430401),(2071,190,'双清区',430502),(2072,190,'大祥区',430503),(2073,190,'北塔区',430511),(2074,190,'邵东县',430521),(2075,190,'新邵县',430522),(2076,190,'邵阳县',430523),(2077,190,'隆回县',430524),(2078,190,'洞口县',430525),(2079,190,'绥宁县',430527),(2080,190,'新宁县',430528),(2081,190,'城步苗族自治县',430529),(2082,190,'武冈市',430581),(2083,190,'其它区',430582),(2084,190,'市辖区',430501),(2085,191,'岳阳楼区',430602),(2086,191,'云溪区',430603),(2087,191,'君山区',430611),(2088,191,'岳阳县',430621),(2089,191,'华容县',430623),(2090,191,'湘阴县',430624),(2091,191,'平江县',430626),(2092,191,'汨罗市',430681),(2093,191,'临湘市',430682),(2094,191,'其它区',430683),(2095,191,'市辖区',430601),(2096,192,'武陵区',430702),(2097,192,'鼎城区',430703),(2098,192,'安乡县',430721),(2099,192,'汉寿县',430722),(2100,192,'澧县',430723),(2101,192,'临澧县',430724),(2102,192,'桃源县',430725),(2103,192,'石门县',430726),(2104,192,'津市市',430781),(2105,192,'其它区',430782),(2106,192,'市辖区',430701),(2107,193,'永定区',430802),(2108,193,'武陵源区',430811),(2109,193,'慈利县',430821),(2110,193,'桑植县',430822),(2111,193,'其它区',430823),(2112,193,'市辖区',430801),(2113,194,'资阳区',430902),(2114,194,'赫山区',430903),(2115,194,'南县',430921),(2116,194,'桃江县',430922),(2117,194,'安化县',430923),(2118,194,'沅江市',430981),(2119,194,'其它区',430982),(2120,194,'市辖区',430901),(2121,195,'北湖区',431002),(2122,195,'苏仙区',431003),(2123,195,'桂阳县',431021),(2124,195,'宜章县',431022),(2125,195,'永兴县',431023),(2126,195,'嘉禾县',431024),(2127,195,'临武县',431025),(2128,195,'汝城县',431026),(2129,195,'桂东县',431027),(2130,195,'安仁县',431028),(2131,195,'资兴市',431081),(2132,195,'其它区',431082),(2133,195,'市辖区',431001),(2134,196,'零陵区',431102),(2135,196,'冷水滩区',431103),(2136,196,'祁阳县',431121),(2137,196,'东安县',431122),(2138,196,'双牌县',431123),(2139,196,'道县',431124),(2140,196,'江永县',431125),(2141,196,'宁远县',431126),(2142,196,'蓝山县',431127),(2143,196,'新田县',431128),(2144,196,'江华瑶族自治县',431129),(2145,196,'其它区',431130),(2146,196,'市辖区',431101),(2147,197,'鹤城区',431202),(2148,197,'中方县',431221),(2149,197,'沅陵县',431222),(2150,197,'辰溪县',431223),(2151,197,'溆浦县',431224),(2152,197,'会同县',431225),(2153,197,'麻阳苗族自治县',431226),(2154,197,'新晃侗族自治县',431227),(2155,197,'芷江侗族自治县',431228),(2156,197,'靖州苗族侗族自治县',431229),(2157,197,'通道侗族自治县',431230),(2158,197,'洪江市',431281),(2159,197,'其它区',431282),(2160,197,'市辖区',431201),(2161,198,'娄星区',431302),(2162,198,'双峰县',431321),(2163,198,'新化县',431322),(2164,198,'冷水江市',431381),(2165,198,'涟源市',431382),(2166,198,'其它区',431383),(2167,198,'市辖区',431301),(2168,199,'吉首市',433101),(2169,199,'泸溪县',433122),(2170,199,'凤凰县',433123),(2171,199,'花垣县',433124),(2172,199,'保靖县',433125),(2173,199,'古丈县',433126),(2174,199,'永顺县',433127),(2175,199,'龙山县',433130),(2176,199,'其它区',433131),(2177,200,'荔湾区',440103),(2178,200,'越秀区',440104),(2179,200,'海珠区',440105),(2180,200,'天河区',440106),(2181,200,'白云区',440111),(2182,200,'黄埔区',440112),(2183,200,'番禺区',440113),(2184,200,'花都区',440114),(2185,200,'南沙区',440115),(2186,200,'萝岗区',440116),(2187,200,'增城市',440183),(2188,200,'从化市',440184),(2189,200,'东山区',440188),(2190,200,'其它区',440189),(2191,200,'市辖区',440101),(2192,201,'武江区',440203),(2193,201,'浈江区',440204),(2194,201,'曲江区',440205),(2195,201,'始兴县',440222),(2196,201,'仁化县',440224),(2197,201,'翁源县',440229),(2198,201,'乳源瑶族自治县',440232),(2199,201,'新丰县',440233),(2200,201,'乐昌市',440281),(2201,201,'南雄市',440282),(2202,201,'其它区',440283),(2203,201,'市辖区',440201),(2204,202,'罗湖区',440303),(2205,202,'福田区',440304),(2206,202,'南山区',440305),(2207,202,'宝安区',440306),(2208,202,'龙岗区',440307),(2209,202,'盐田区',440308),(2210,202,'其它区',440309),(2211,202,'市辖区',440301),(2212,203,'香洲区',440402),(2213,203,'斗门区',440403),(2214,203,'金湾区',440404),(2215,203,'金唐区',440486),(2216,203,'南湾区',440487),(2217,203,'其它区',440488),(2218,203,'市辖区',440401),(2219,204,'龙湖区',440507),(2220,204,'金平区',440511),(2221,204,'濠江区',440512),(2222,204,'潮阳区',440513),(2223,204,'潮南区',440514),(2224,204,'澄海区',440515),(2225,204,'南澳县',440523),(2226,204,'其它区',440524),(2227,204,'市辖区',440501),(2228,205,'禅城区',440604),(2229,205,'南海区',440605),(2230,205,'顺德区',440606),(2231,205,'三水区',440607),(2232,205,'高明区',440608),(2233,205,'其它区',440609),(2234,205,'市辖区',440601),(2235,206,'蓬江区',440703),(2236,206,'江海区',440704),(2237,206,'新会区',440705),(2238,206,'台山市',440781),(2239,206,'开平市',440783),(2240,206,'鹤山市',440784),(2241,206,'恩平市',440785),(2242,206,'其它区',440786),(2243,206,'市辖区',440701),(2244,207,'赤坎区',440802),(2245,207,'霞山区',440803),(2246,207,'坡头区',440804),(2247,207,'麻章区',440811),(2248,207,'遂溪县',440823),(2249,207,'徐闻县',440825),(2250,207,'廉江市',440881),(2251,207,'雷州市',440882),(2252,207,'吴川市',440883),(2253,207,'其它区',440884),(2254,207,'市辖区',440801),(2255,208,'茂南区',440902),(2256,208,'茂港区',440903),(2257,208,'电白县',440923),(2258,208,'高州市',440981),(2259,208,'化州市',440982),(2260,208,'信宜市',440983),(2261,208,'其它区',440984),(2262,208,'市辖区',440901),(2263,209,'端州区',441202),(2264,209,'鼎湖区',441203),(2265,209,'广宁县',441223),(2266,209,'怀集县',441224),(2267,209,'封开县',441225),(2268,209,'德庆县',441226),(2269,209,'高要市',441283),(2270,209,'四会市',441284),(2271,209,'其它区',441285),(2272,209,'市辖区',441201),(2273,210,'惠城区',441302),(2274,210,'惠阳区',441303),(2275,210,'博罗县',441322),(2276,210,'惠东县',441323),(2277,210,'龙门县',441324),(2278,210,'其它区',441325),(2279,210,'市辖区',441301),(2280,211,'梅江区',441402),(2281,211,'梅县',441421),(2282,211,'大埔县',441422),(2283,211,'丰顺县',441423),(2284,211,'五华县',441424),(2285,211,'平远县',441426),(2286,211,'蕉岭县',441427),(2287,211,'兴宁市',441481),(2288,211,'其它区',441482),(2289,211,'市辖区',441401),(2290,212,'城区',441502),(2291,212,'海丰县',441521),(2292,212,'陆河县',441523),(2293,212,'陆丰市',441581),(2294,212,'其它区',441582),(2295,212,'市辖区',441501),(2296,213,'源城区',441602),(2297,213,'紫金县',441621),(2298,213,'龙川县',441622),(2299,213,'连平县',441623),(2300,213,'和平县',441624),(2301,213,'东源县',441625),(2302,213,'其它区',441626),(2303,213,'市辖区',441601),(2304,214,'江城区',441702),(2305,214,'阳西县',441721),(2306,214,'阳东县',441723),(2307,214,'阳春市',441781),(2308,214,'其它区',441782),(2309,214,'市辖区',441701),(2310,215,'清城区',441802),(2311,215,'佛冈县',441821),(2312,215,'阳山县',441823),(2313,215,'连山壮族瑶族自治县',441825),(2314,215,'连南瑶族自治县',441826),(2315,215,'清新县',441827),(2316,215,'英德市',441881),(2317,215,'连州市',441882),(2318,215,'其它区',441883),(2319,215,'市辖区',441801),(2320,216,'东莞市',441901),(2321,217,'中山市',442001),(2322,218,'湘桥区',445102),(2323,218,'潮安县',445121),(2324,218,'饶平县',445122),(2326,218,'其它区',445186),(2327,218,'市辖区',445101),(2328,219,'榕城区',445202),(2329,219,'揭东县',445221),(2330,219,'揭西县',445222),(2331,219,'惠来县',445224),(2332,219,'普宁市',445281),(2333,219,'东山区',445284),(2334,219,'其它区',445285),(2335,219,'市辖区',445201),(2336,220,'云城区',445302),(2337,220,'新兴县',445321),(2338,220,'郁南县',445322),(2339,220,'云安县',445323),(2340,220,'罗定市',445381),(2341,220,'其它区',445382),(2342,220,'市辖区',445301),(2343,221,'兴宁区',450102),(2344,221,'青秀区',450103),(2345,221,'江南区',450105),(2346,221,'西乡塘区',450107),(2347,221,'良庆区',450108),(2348,221,'邕宁区',450109),(2349,221,'武鸣县',450122),(2350,221,'隆安县',450123),(2351,221,'马山县',450124),(2352,221,'上林县',450125),(2353,221,'宾阳县',450126),(2354,221,'横县',450127),(2355,221,'其它区',450128),(2356,221,'市辖区',450101),(2357,222,'城中区',450202),(2358,222,'鱼峰区',450203),(2359,222,'柳南区',450204),(2360,222,'柳北区',450205),(2361,222,'柳江县',450221),(2362,222,'柳城县',450222),(2363,222,'鹿寨县',450223),(2364,222,'融安县',450224),(2365,222,'融水苗族自治县',450225),(2366,222,'三江侗族自治县',450226),(2367,222,'其它区',450227),(2368,222,'市辖区',450201),(2369,223,'秀峰区',450302),(2370,223,'叠彩区',450303),(2371,223,'象山区',450304),(2372,223,'七星区',450305),(2373,223,'雁山区',450311),(2374,223,'阳朔县',450321),(2375,223,'临桂县',450322),(2376,223,'灵川县',450323),(2377,223,'全州县',450324),(2378,223,'兴安县',450325),(2379,223,'永福县',450326),(2380,223,'灌阳县',450327),(2381,223,'龙胜各族自治县',450328),(2382,223,'资源县',450329),(2383,223,'平乐县',450330),(2384,223,'荔蒲县',450331),(2385,223,'恭城瑶族自治县',450332),(2386,223,'其它区',450333),(2387,223,'市辖区',450301),(2388,224,'万秀区',450403),(2389,224,'蝶山区',450404),(2390,224,'长洲区',450405),(2391,224,'苍梧县',450421),(2392,224,'藤县',450422),(2393,224,'蒙山县',450423),(2394,224,'岑溪市',450481),(2395,224,'其它区',450482),(2396,224,'市辖区',450401),(2397,225,'海城区',450502),(2398,225,'银海区',450503),(2399,225,'铁山港区',450512),(2400,225,'合浦县',450521),(2401,225,'其它区',450522),(2402,225,'市辖区',450501),(2403,226,'港口区',450602),(2404,226,'防城区',450603),(2405,226,'上思县',450621),(2406,226,'东兴市',450681),(2407,226,'其它区',450682),(2408,226,'市辖区',450601),(2409,227,'钦南区',450702),(2410,227,'钦北区',450703),(2411,227,'灵山县',450721),(2412,227,'浦北县',450722),(2413,227,'其它区',450723),(2414,227,'市辖区',450701),(2415,228,'港北区',450802),(2416,228,'港南区',450803),(2417,228,'覃塘区',450804),(2418,228,'平南县',450821),(2419,228,'桂平市',450881),(2420,228,'其它区',450882),(2421,228,'市辖区',450801),(2422,229,'玉州区',450902),(2423,229,'容县',450921),(2424,229,'陆川县',450922),(2425,229,'博白县',450923),(2426,229,'兴业县',450924),(2427,229,'北流市',450981),(2428,229,'其它区',450982),(2429,229,'市辖区',450901),(2430,230,'右江区',451002),(2431,230,'田阳县',451021),(2432,230,'田东县',451022),(2433,230,'平果县',451023),(2434,230,'德保县',451024),(2435,230,'靖西县',451025),(2436,230,'那坡县',451026),(2437,230,'凌云县',451027),(2438,230,'乐业县',451028),(2439,230,'田林县',451029),(2440,230,'西林县',451030),(2441,230,'隆林各族自治县',451031),(2442,230,'其它区',451032),(2443,230,'市辖区',451001),(2444,231,'八步区',451102),(2445,231,'昭平县',451121),(2446,231,'钟山县',451122),(2447,231,'富川瑶族自治县',451123),(2448,231,'其它区',451124),(2449,231,'市辖区',451101),(2450,232,'金城江区',451202),(2451,232,'南丹县',451221),(2452,232,'天峨县',451222),(2453,232,'凤山县',451223),(2454,232,'东兰县',451224),(2455,232,'罗城仫佬族自治县',451225),(2456,232,'环江毛南族自治县',451226),(2457,232,'巴马瑶族自治县',451227),(2458,232,'都安瑶族自治县',451228),(2459,232,'大化瑶族自治县',451229),(2460,232,'宜州市',451281),(2461,232,'其它区',451282),(2462,232,'市辖区',451201),(2463,233,'兴宾区',451302),(2464,233,'忻城县',451321),(2465,233,'象州县',451322),(2466,233,'武宣县',451323),(2467,233,'金秀瑶族自治县',451324),(2468,233,'合山市',451381),(2469,233,'其它区',451382),(2470,233,'市辖区',451301),(2471,234,'江洲区',451402),(2472,234,'扶绥县',451421),(2473,234,'宁明县',451422),(2474,234,'龙州县',451423),(2475,234,'大新县',451424),(2476,234,'天等县',451425),(2477,234,'凭祥市',451481),(2478,234,'其它区',451482),(2479,234,'市辖区',451401),(2480,235,'秀英区',460105),(2481,235,'龙华区',460106),(2482,235,'琼山区',460107),(2483,235,'美兰区',460108),(2484,235,'其它区',460109),(2485,235,'市辖区',460101),(2486,236,'市辖区',460201),(2487,237,'五指山市',469001),(2488,237,'琼海市',469002),(2489,237,'儋州市',469003),(2490,237,'文昌市',469005),(2491,237,'万宁市',469006),(2492,237,'东方市',469007),(2493,237,'白沙黎族自治县',469025),(2494,237,'昌江黎族自治县',469026),(2495,237,'乐东黎族自治县',469027),(2496,237,'陵水黎族自治县',469028),(2497,237,'琼中黎族苗族自治县',469030),(2498,237,'西沙群岛',469301),(2499,237,'中沙群岛的岛礁及其海域',469033),(2501,237,'保亭黎族苗族自治县',469029),(2506,237,'定安县',469021),(2507,237,'屯昌县',469022),(2508,237,'澄迈县',469023),(2509,237,'临高县',469024),(2511,237,'南沙群岛',469032),(2512,238,'万州区',500101),(2513,238,'涪陵区',500102),(2514,238,'渝中区',500103),(2515,238,'大渡口区',500104),(2516,238,'江北区',500105),(2517,238,'沙坪坝区',500106),(2518,238,'九龙坡区',500107),(2519,238,'南岸区',500108),(2520,238,'北碚区',500109),(2521,238,'万盛区',500110),(2522,238,'双桥区',500111),(2523,238,'渝北区',500112),(2524,238,'巴南区',500113),(2525,238,'黔江区',500114),(2526,238,'长寿区',500115),(2527,238,'江津区',500116),(2528,238,'合川区',500117),(2529,238,'永川区',500118),(2530,238,'南川区',500119),(2531,239,'綦江县',500222),(2532,239,'潼南县',500223),(2533,239,'铜梁县',500224),(2534,239,'大足县',500225),(2535,239,'荣昌县',500226),(2536,239,'璧山县',500227),(2537,239,'梁平县',500228),(2538,239,'城口县',500229),(2539,239,'丰都县',500230),(2540,239,'垫江县',500231),(2541,239,'武隆县',500232),(2542,239,'忠县',500233),(2543,239,'开县',500234),(2544,239,'云阳县',500235),(2545,239,'奉节县',500236),(2546,239,'巫山县',500237),(2547,239,'巫溪县',500238),(2548,239,'石柱土家族自治县',500240),(2549,239,'秀山土家族苗族自治县',500241),(2550,239,'酉阳土家族苗族自治县',500242),(2551,239,'彭水苗族土家族自治县',500243),(2552,240,'锦江区',510104),(2553,240,'青羊区',510105),(2554,240,'金牛区',510106),(2555,240,'武侯区',510107),(2556,240,'成华区',510108),(2557,240,'龙泉驿区',510112),(2558,240,'青白江区',510113),(2559,240,'新都区',510114),(2560,240,'温江区',510115),(2561,240,'金堂县',510121),(2562,240,'双流县',510122),(2563,240,'郫县',510124),(2564,240,'大邑县',510129),(2565,240,'蒲江县',510131),(2566,240,'新津县',510132),(2567,240,'都江堰市',510181),(2568,240,'彭州市',510182),(2569,240,'邛崃市',510183),(2570,240,'崇州市',510184),(2571,240,'其它区',510185),(2572,240,'市辖区',510101),(2573,241,'自流井区',510302),(2574,241,'贡井区',510303),(2575,241,'大安区',510304),(2576,241,'沿滩区',510311),(2577,241,'荣县',510321),(2578,241,'富顺县',510322),(2579,241,'其它区',510323),(2580,241,'市辖区',510301),(2581,242,'东区',510402),(2582,242,'西区',510403),(2583,242,'仁和区',510411),(2584,242,'米易县',510421),(2585,242,'盐边县',510422),(2586,242,'其它区',510423),(2587,242,'市辖区',510401),(2588,243,'江阳区',510502),(2589,243,'纳溪区',510503),(2590,243,'龙马潭区',510504),(2591,243,'泸县',510521),(2592,243,'合江县',510522),(2593,243,'叙永县',510524),(2594,243,'古蔺县',510525),(2595,243,'其它区',510526),(2596,243,'市辖区',510501),(2597,244,'旌阳区',510603),(2598,244,'中江县',510623),(2599,244,'罗江县',510626),(2600,244,'广汉市',510681),(2601,244,'什邡市',510682),(2602,244,'绵竹市',510683),(2603,244,'其它区',510684),(2604,244,'市辖区',510601),(2605,245,'涪城区',510703),(2606,245,'游仙区',510704),(2607,245,'三台县',510722),(2608,245,'盐亭县',510723),(2609,245,'安县',510724),(2610,245,'梓潼县',510725),(2611,245,'北川羌族自治县',510726),(2612,245,'平武县',510727),(2613,245,'高新区',510751),(2614,245,'江油市',510781),(2615,245,'其它区',510782),(2616,245,'市辖区',510701),(2617,246,'市中区',510802),(2618,246,'元坝区',510811),(2619,246,'朝天区',510812),(2620,246,'旺苍县',510821),(2621,246,'青川县',510822),(2622,246,'剑阁县',510823),(2623,246,'苍溪县',510824),(2624,246,'其它区',510825),(2625,246,'市辖区',510801),(2626,247,'船山区',510903),(2627,247,'安居区',510904),(2628,247,'蓬溪县',510921),(2629,247,'射洪县',510922),(2630,247,'大英县',510923),(2631,247,'其它区',510924),(2632,247,'市辖区',510901),(2633,248,'市中区',511002),(2634,248,'东兴区',511011),(2635,248,'威远县',511024),(2636,248,'资中县',511025),(2637,248,'隆昌县',511028),(2638,248,'其它区',511029),(2639,248,'市辖区',511001),(2640,249,'市中区',511102),(2641,249,'沙湾区',511111),(2642,249,'五通桥区',511112),(2643,249,'金口河区',511113),(2644,249,'犍为县',511123),(2645,249,'井研县',511124),(2646,249,'夹江县',511126),(2647,249,'沐川县',511129),(2648,249,'峨边彝族自治县',511132),(2649,249,'马边彝族自治县',511133),(2650,249,'峨眉山市',511181),(2651,249,'其它区',511182),(2652,249,'市辖区',511101),(2653,250,'顺庆区',511302),(2654,250,'高坪区',511303),(2655,250,'嘉陵区',511304),(2656,250,'南部县',511321),(2657,250,'营山县',511322),(2658,250,'蓬安县',511323),(2659,250,'仪陇县',511324),(2660,250,'西充县',511325),(2661,250,'阆中市',511381),(2662,250,'其它区',511382),(2663,250,'市辖区',511301),(2664,251,'东坡区',511402),(2665,251,'仁寿县',511421),(2666,251,'彭山县',511422),(2667,251,'洪雅县',511423),(2668,251,'丹棱县',511424),(2669,251,'青神县',511425),(2670,251,'其它区',511426),(2671,251,'市辖区',511401),(2672,252,'翠屏区',511502),(2673,252,'宜宾县',511521),(2674,252,'南溪县',511522),(2675,252,'江安县',511523),(2676,252,'长宁县',511524),(2677,252,'高县',511525),(2678,252,'珙县',511526),(2679,252,'筠连县',511527),(2680,252,'兴文县',511528),(2681,252,'屏山县',511529),(2682,252,'其它区',511530),(2683,252,'市辖区',511501),(2684,253,'广安区',511602),(2685,253,'岳池县',511621),(2686,253,'武胜县',511622),(2687,253,'邻水县',511623),(2688,253,'华蓥市',511681),(2690,253,'其它区',511683),(2691,253,'市辖区',511601),(2692,254,'通川区',511702),(2693,254,'达县',511721),(2694,254,'宣汉县',511722),(2695,254,'开江县',511723),(2696,254,'大竹县',511724),(2697,254,'渠县',511725),(2698,254,'万源市',511781),(2699,254,'其它区',511782),(2700,254,'市辖区',511701),(2701,255,'雨城区',511802),(2702,255,'名山县',511821),(2703,255,'荥经县',511822),(2704,255,'汉源县',511823),(2705,255,'石棉县',511824),(2706,255,'天全县',511825),(2707,255,'芦山县',511826),(2708,255,'宝兴县',511827),(2709,255,'其它区',511828),(2710,255,'市辖区',511801),(2711,256,'巴州区',511902),(2712,256,'通江县',511921),(2713,256,'南江县',511922),(2714,256,'平昌县',511923),(2715,256,'其它区',511924),(2716,256,'市辖区',511901),(2717,257,'雁江区',512002),(2718,257,'安岳县',512021),(2719,257,'乐至县',512022),(2720,257,'简阳市',512081),(2721,257,'其它区',512082),(2722,257,'市辖区',512001),(2723,258,'汶川县',513221),(2724,258,'理县',513222),(2725,258,'茂县',513223),(2726,258,'松潘县',513224),(2727,258,'九寨沟县',513225),(2728,258,'金川县',513226),(2729,258,'小金县',513227),(2730,258,'黑水县',513228),(2731,258,'马尔康县',513229),(2732,258,'壤塘县',513230),(2733,258,'阿坝县',513231),(2734,258,'若尔盖县',513232),(2735,258,'红原县',513233),(2736,258,'其它区',513234),(2737,259,'康定县',513321),(2738,259,'泸定县',513322),(2739,259,'丹巴县',513323),(2740,259,'九龙县',513324),(2741,259,'雅江县',513325),(2742,259,'道孚县',513326),(2743,259,'炉霍县',513327),(2744,259,'甘孜县',513328),(2745,259,'新龙县',513329),(2746,259,'德格县',513330),(2747,259,'白玉县',513331),(2748,259,'石渠县',513332),(2749,259,'色达县',513333),(2750,259,'理塘县',513334),(2751,259,'巴塘县',513335),(2752,259,'乡城县',513336),(2753,259,'稻城县',513337),(2754,259,'得荣县',513338),(2755,259,'其它区',513339),(2756,260,'西昌市',513401),(2757,260,'木里藏族自治县',513422),(2758,260,'盐源县',513423),(2759,260,'德昌县',513424),(2760,260,'会理县',513425),(2761,260,'会东县',513426),(2762,260,'宁南县',513427),(2763,260,'普格县',513428),(2764,260,'布拖县',513429),(2765,260,'金阳县',513430),(2766,260,'昭觉县',513431),(2767,260,'喜德县',513432),(2768,260,'冕宁县',513433),(2769,260,'越西县',513434),(2770,260,'甘洛县',513435),(2771,260,'美姑县',513436),(2772,260,'雷波县',513437),(2773,260,'其它区',513438),(2774,261,'南明区',520102),(2775,261,'云岩区',520103),(2776,261,'花溪区',520111),(2777,261,'乌当区',520112),(2778,261,'白云区',520113),(2779,261,'小河区',520114),(2780,261,'开阳县',520121),(2781,261,'息烽县',520122),(2782,261,'修文县',520123),(2783,261,'金阳开发区',520151),(2784,261,'清镇市',520181),(2785,261,'其它区',520182),(2786,261,'市辖区',520101),(2787,262,'钟山区',520201),(2788,262,'六枝特区',520203),(2789,262,'水城县',520221),(2790,262,'盘县',520222),(2791,262,'其它区',520223),(2792,263,'红花岗区',520302),(2793,263,'汇川区',520303),(2794,263,'遵义县',520321),(2795,263,'桐梓县',520322),(2796,263,'绥阳县',520323),(2797,263,'正安县',520324),(2798,263,'道真仡佬族苗族自治县',520325),(2799,263,'务川仡佬族苗族自治县',520326),(2800,263,'凤冈县',520327),(2801,263,'湄潭县',520328),(2802,263,'余庆县',520329),(2803,263,'习水县',520330),(2804,263,'赤水市',520381),(2805,263,'仁怀市',520382),(2806,263,'其它区',520383),(2807,263,'市辖区',520301),(2808,264,'西秀区',520402),(2809,264,'平坝县',520421),(2810,264,'普定县',520422),(2811,264,'镇宁布依族苗族自治县',520423),(2812,264,'关岭布依族苗族自治县',520424),(2813,264,'紫云苗族布依族自治县',520425),(2814,264,'其它区',520426),(2815,264,'市辖区',520401),(2816,265,'铜仁市',522200),(2817,265,'江口县',522222),(2818,265,'玉屏侗族自治县',522223),(2819,265,'石阡县',522224),(2820,265,'思南县',522225),(2821,265,'印江土家族苗族自治县',522226),(2822,265,'德江县',522227),(2823,265,'沿河土家族自治县',522228),(2824,265,'松桃苗族自治县',522229),(2825,265,'万山特区',522230),(2826,265,'其它区',522231),(2827,266,'兴义市',522301),(2828,266,'兴仁县',522322),(2829,266,'普安县',522323),(2830,266,'晴隆县',522324),(2831,266,'贞丰县',522325),(2832,266,'望谟县',522326),(2833,266,'册亨县',522327),(2834,266,'安龙县',522328),(2835,266,'其它区',522329),(2836,267,'毕节市',522401),(2837,267,'大方县',522422),(2838,267,'黔西县',522423),(2839,267,'金沙县',522424),(2840,267,'织金县',522425),(2841,267,'纳雍县',522426),(2842,267,'威宁彝族回族苗族自治县',522427),(2843,267,'赫章县',522428),(2844,267,'其它区',522429),(2845,268,'凯里市',522601),(2846,268,'黄平县',522622),(2847,268,'施秉县',522623),(2848,268,'三穗县',522624),(2849,268,'镇远县',522625),(2850,268,'岑巩县',522626),(2851,268,'天柱县',522627),(2852,268,'锦屏县',522628),(2853,268,'剑河县',522629),(2854,268,'台江县',522630),(2855,268,'黎平县',522631),(2856,268,'榕江县',522632),(2857,268,'从江县',522633),(2858,268,'雷山县',522634),(2859,268,'麻江县',522635),(2860,268,'丹寨县',522636),(2861,268,'其它区',522637),(2862,269,'都匀市',522701),(2863,269,'福泉市',522702),(2864,269,'荔波县',522722),(2865,269,'贵定县',522723),(2866,269,'瓮安县',522725),(2867,269,'独山县',522726),(2868,269,'平塘县',522727),(2869,269,'罗甸县',522728),(2870,269,'长顺县',522729),(2871,269,'龙里县',522730),(2872,269,'惠水县',522731),(2873,269,'三都水族自治县',522732),(2874,269,'其它区',522733),(2875,270,'五华区',530102),(2876,270,'盘龙区',530103),(2877,270,'官渡区',530111),(2878,270,'西山区',530112),(2879,270,'东川区',530113),(2880,270,'呈贡县',530121),(2881,270,'晋宁县',530122),(2882,270,'富民县',530124),(2883,270,'宜良县',530125),(2884,270,'石林彝族自治县',530126),(2885,270,'嵩明县',530127),(2886,270,'禄劝彝族苗族自治县',530128),(2887,270,'寻甸回族彝族自治县',530129),(2888,270,'安宁市',530181),(2889,270,'其它区',530182),(2890,270,'市辖区',530101),(2891,271,'麒麟区',530302),(2892,271,'马龙县',530321),(2893,271,'陆良县',530322),(2894,271,'师宗县',530323),(2895,271,'罗平县',530324),(2896,271,'富源县',530325),(2897,271,'会泽县',530326),(2898,271,'沾益县',530328),(2899,271,'宣威市',530381),(2900,271,'其它区',530382),(2901,271,'市辖区',530301),(2902,272,'红塔区',530402),(2903,272,'江川县',530421),(2904,272,'澄江县',530422),(2905,272,'通海县',530423),(2906,272,'华宁县',530424),(2907,272,'易门县',530425),(2908,272,'峨山彝族自治县',530426),(2909,272,'新平彝族傣族自治县',530427),(2910,272,'元江哈尼族彝族傣族自治县',530428),(2911,272,'其它区',530429),(2912,272,'市辖区',530401),(2913,273,'隆阳区',530502),(2914,273,'施甸县',530521),(2915,273,'腾冲县',530522),(2916,273,'龙陵县',530523),(2917,273,'昌宁县',530524),(2918,273,'其它区',530525),(2919,273,'市辖区',530501),(2920,274,'昭阳区',530602),(2921,274,'鲁甸县',530621),(2922,274,'巧家县',530622),(2923,274,'盐津县',530623),(2924,274,'大关县',530624),(2925,274,'永善县',530625),(2926,274,'绥江县',530626),(2927,274,'镇雄县',530627),(2928,274,'彝良县',530628),(2929,274,'威信县',530629),(2930,274,'水富县',530630),(2931,274,'其它区',530631),(2932,274,'市辖区',530601),(2933,275,'古城区',530702),(2934,275,'玉龙纳西族自治县',530721),(2935,275,'永胜县',530722),(2936,275,'华坪县',530723),(2937,275,'宁蒗彝族自治县',530724),(2938,275,'其它区',530725),(2939,275,'市辖区',530701),(2940,276,'思茅区',530802),(2941,276,'宁洱哈尼族彝族自治县',530821),(2942,276,'墨江哈尼族自治县',530822),(2943,276,'景东彝族自治县',530823),(2944,276,'景谷傣族彝族自治县',530824),(2945,276,'镇沅彝族哈尼族拉祜族自治县',530825),(2946,276,'江城哈尼族彝族自治县',530826),(2947,276,'孟连傣族拉祜族佤族自治县',530827),(2948,276,'澜沧拉祜族自治县',530828),(2949,276,'西盟佤族自治县',530829),(2950,276,'其它区',530830),(2951,276,'市辖区',530801),(2952,277,'临翔区',530902),(2953,277,'凤庆县',530921),(2954,277,'云县',530922),(2955,277,'永德县',530923),(2956,277,'镇康县',530924),(2957,277,'双江拉祜族佤族布朗族傣族自治县',530925),(2958,277,'耿马傣族佤族自治县',530926),(2959,277,'沧源佤族自治县',530927),(2960,277,'其它区',530928),(2961,277,'市辖区',530901),(2962,278,'楚雄市',532301),(2963,278,'双柏县',532322),(2964,278,'牟定县',532323),(2965,278,'南华县',532324),(2966,278,'姚安县',532325),(2967,278,'大姚县',532326),(2968,278,'永仁县',532327),(2969,278,'元谋县',532328),(2970,278,'武定县',532329),(2971,278,'禄丰县',532331),(2972,278,'其它区',532332),(2973,279,'个旧市',532501),(2974,279,'开远市',532502),(2975,279,'蒙自县',532522),(2976,279,'屏边苗族自治县',532523),(2977,279,'建水县',532524),(2978,279,'石屏县',532525),(2979,279,'弥勒县',532526),(2980,279,'泸西县',532527),(2981,279,'元阳县',532528),(2982,279,'红河县',532529),(2983,279,'金平苗族瑶族傣族自治县',532530),(2984,279,'绿春县',532531),(2985,279,'河口瑶族自治县',532532),(2986,279,'其它区',532533),(2987,280,'文山县',532621),(2988,280,'砚山县',532622),(2989,280,'西畴县',532623),(2990,280,'麻栗坡县',532624),(2991,280,'马关县',532625),(2992,280,'丘北县',532626),(2993,280,'广南县',532627),(2994,280,'富宁县',532628),(2995,280,'其它区',532629),(2996,281,'景洪市',532801),(2997,281,'勐海县',532822),(2998,281,'勐腊县',532823),(2999,281,'其它区',532824),(3000,282,'大理市',532901),(3001,282,'漾濞彝族自治县',532922),(3002,282,'祥云县',532923),(3003,282,'宾川县',532924),(3004,282,'弥渡县',532925),(3005,282,'南涧彝族自治县',532926),(3006,282,'巍山彝族回族自治县',532927),(3007,282,'永平县',532928),(3008,282,'云龙县',532929),(3009,282,'洱源县',532930),(3010,282,'剑川县',532931),(3011,282,'鹤庆县',532932),(3012,282,'其它区',532933),(3013,283,'瑞丽市',533102),(3014,283,'潞西市',533103),(3015,283,'梁河县',533122),(3016,283,'盈江县',533123),(3017,283,'陇川县',533124),(3018,283,'其它区',533125),(3019,284,'泸水县',533321),(3020,284,'福贡县',533323),(3021,284,'贡山独龙族怒族自治县',533324),(3022,284,'兰坪白族普米族自治县',533325),(3023,284,'其它区',533326),(3024,285,'香格里拉县',533421),(3025,285,'德钦县',533422),(3026,285,'维西傈僳族自治县',533423),(3027,285,'其它区',533424),(3028,286,'城关区',540102),(3029,286,'林周县',540121),(3030,286,'当雄县',540122),(3031,286,'尼木县',540123),(3032,286,'曲水县',540124),(3033,286,'堆龙德庆县',540125),(3034,286,'达孜县',540126),(3035,286,'墨竹工卡县',540127),(3036,286,'其它区',540128),(3037,286,'市辖区',540101),(3038,287,'昌都县',542121),(3039,287,'江达县',542122),(3040,287,'贡觉县',542123),(3041,287,'类乌齐县',542124),(3042,287,'丁青县',542125),(3043,287,'察雅县',542126),(3044,287,'八宿县',542127),(3045,287,'左贡县',542128),(3046,287,'芒康县',542129),(3047,287,'洛隆县',542132),(3048,287,'边坝县',542133),(3049,287,'其它区',542134),(3050,288,'乃东县',542221),(3051,288,'扎囊县',542222),(3052,288,'贡嘎县',542223),(3053,288,'桑日县',542224),(3054,288,'琼结县',542225),(3055,288,'曲松县',542226),(3056,288,'措美县',542227),(3057,288,'洛扎县',542228),(3058,288,'加查县',542229),(3059,288,'隆子县',542231),(3060,288,'错那县',542232),(3061,288,'浪卡子县',542233),(3062,288,'其它区',542234),(3063,289,'日喀则市',542301),(3064,289,'南木林县',542322),(3065,289,'江孜县',542323),(3066,289,'定日县',542324),(3067,289,'萨迦县',542325),(3068,289,'拉孜县',542326),(3069,289,'昂仁县',542327),(3070,289,'谢通门县',542328),(3071,289,'白朗县',542329),(3072,289,'仁布县',542330),(3073,289,'康马县',542331),(3074,289,'定结县',542332),(3075,289,'仲巴县',542333),(3076,289,'亚东县',542334),(3077,289,'吉隆县',542335),(3078,289,'聂拉木县',542336),(3079,289,'萨嘎县',542337),(3080,289,'岗巴县',542338),(3081,289,'其它区',542339),(3082,290,'那曲县',542421),(3083,290,'嘉黎县',542422),(3084,290,'比如县',542423),(3085,290,'聂荣县',542424),(3086,290,'安多县',542425),(3087,290,'申扎县',542426),(3088,290,'索县',542427),(3089,290,'班戈县',542428),(3090,290,'巴青县',542429),(3091,290,'尼玛县',542430),(3092,290,'其它区',542431),(3093,291,'普兰县',542521),(3094,291,'札达县',542522),(3095,291,'噶尔县',542523),(3096,291,'日土县',542524),(3097,291,'革吉县',542525),(3098,291,'改则县',542526),(3099,291,'措勤县',542527),(3100,291,'其它区',542528),(3101,292,'林芝县',542621),(3102,292,'工布江达县',542622),(3103,292,'米林县',542623),(3104,292,'墨脱县',542624),(3105,292,'波密县',542625),(3106,292,'察隅县',542626),(3107,292,'朗县',542627),(3108,292,'其它区',542628),(3109,293,'新城区',610102),(3110,293,'碑林区',610103),(3111,293,'莲湖区',610104),(3112,293,'灞桥区',610111),(3113,293,'未央区',610112),(3114,293,'雁塔区',610113),(3115,293,'阎良区',610114),(3116,293,'临潼区',610115),(3117,293,'长安区',610116),(3118,293,'蓝田县',610122),(3119,293,'周至县',610124),(3120,293,'户县',610125),(3121,293,'高陵县',610126),(3122,293,'其它区',610127),(3123,293,'市辖区',610101),(3124,294,'王益区',610202),(3125,294,'印台区',610203),(3126,294,'耀州区',610204),(3127,294,'宜君县',610222),(3128,294,'其它区',610223),(3129,294,'市辖区',610201),(3130,295,'渭滨区',610302),(3131,295,'金台区',610303),(3132,295,'陈仓区',610304),(3133,295,'凤翔县',610322),(3134,295,'岐山县',610323),(3135,295,'扶风县',610324),(3136,295,'眉县',610326),(3137,295,'陇县',610327),(3138,295,'千阳县',610328),(3139,295,'麟游县',610329),(3140,295,'凤县',610330),(3141,295,'太白县',610331),(3142,295,'其它区',610332),(3143,295,'市辖区',610301),(3144,296,'秦都区',610402),(3145,296,'杨凌区',610403),(3146,296,'渭城区',610404),(3147,296,'三原县',610422),(3148,296,'泾阳县',610423),(3149,296,'乾县',610424),(3150,296,'礼泉县',610425),(3151,296,'永寿县',610426),(3152,296,'彬县',610427),(3153,296,'长武县',610428),(3154,296,'旬邑县',610429),(3155,296,'淳化县',610430),(3156,296,'武功县',610431),(3157,296,'兴平市',610481),(3158,296,'其它区',610482),(3159,296,'市辖区',610401),(3160,297,'临渭区',610502),(3161,297,'华县',610521),(3162,297,'潼关县',610522),(3163,297,'大荔县',610523),(3164,297,'合阳县',610524),(3165,297,'澄城县',610525),(3166,297,'蒲城县',610526),(3167,297,'白水县',610527),(3168,297,'富平县',610528),(3169,297,'韩城市',610581),(3170,297,'华阴市',610582),(3171,297,'其它区',610583),(3172,297,'市辖区',610501),(3173,298,'宝塔区',610602),(3174,298,'延长县',610621),(3175,298,'延川县',610622),(3176,298,'子长县',610623),(3177,298,'安塞县',610624),(3178,298,'志丹县',610625),(3179,298,'吴起县',610626),(3180,298,'甘泉县',610627),(3181,298,'富县',610628),(3182,298,'洛川县',610629),(3183,298,'宜川县',610630),(3184,298,'黄龙县',610631),(3185,298,'黄陵县',610632),(3186,298,'其它区',610633),(3187,298,'市辖区',610601),(3188,299,'汉台区',610702),(3189,299,'南郑县',610721),(3190,299,'城固县',610722),(3191,299,'洋县',610723),(3192,299,'西乡县',610724),(3193,299,'勉县',610725),(3194,299,'宁强县',610726),(3195,299,'略阳县',610727),(3196,299,'镇巴县',610728),(3197,299,'留坝县',610729),(3198,299,'佛坪县',610730),(3199,299,'其它区',610731),(3200,299,'市辖区',610701),(3201,300,'榆阳区',610802),(3202,300,'神木县',610821),(3203,300,'府谷县',610822),(3204,300,'横山县',610823),(3205,300,'靖边县',610824),(3206,300,'定边县',610825),(3207,300,'绥德县',610826),(3208,300,'米脂县',610827),(3209,300,'佳县',610828),(3210,300,'吴堡县',610829),(3211,300,'清涧县',610830),(3212,300,'子洲县',610831),(3213,300,'其它区',610832),(3214,300,'市辖区',610801),(3215,301,'汉滨区',610902),(3216,301,'汉阴县',610921),(3217,301,'石泉县',610922),(3218,301,'宁陕县',610923),(3219,301,'紫阳县',610924),(3220,301,'岚皋县',610925),(3221,301,'平利县',610926),(3222,301,'镇坪县',610927),(3223,301,'旬阳县',610928),(3224,301,'白河县',610929),(3225,301,'其它区',610930),(3226,301,'市辖区',610901),(3227,302,'商州区',611002),(3228,302,'洛南县',611021),(3229,302,'丹凤县',611022),(3230,302,'商南县',611023),(3231,302,'山阳县',611024),(3232,302,'镇安县',611025),(3233,302,'柞水县',611026),(3234,302,'其它区',611027),(3235,302,'市辖区',611001),(3236,303,'城关区',620102),(3237,303,'七里河区',620103),(3238,303,'西固区',620104),(3239,303,'安宁区',620105),(3240,303,'红古区',620111),(3241,303,'永登县',620121),(3242,303,'皋兰县',620122),(3243,303,'榆中县',620123),(3244,303,'其它区',620124),(3245,303,'市辖区',620101),(3246,304,'市辖区',620201),(3247,305,'金川区',620302),(3248,305,'永昌县',620321),(3249,305,'其它区',620322),(3250,305,'市辖区',620301),(3251,306,'白银区',620402),(3252,306,'平川区',620403),(3253,306,'靖远县',620421),(3254,306,'会宁县',620422),(3255,306,'景泰县',620423),(3256,306,'其它区',620424),(3257,306,'市辖区',620401),(3258,307,'秦州区',620502),(3259,307,'麦积区',620503),(3260,307,'清水县',620521),(3261,307,'秦安县',620522),(3262,307,'甘谷县',620523),(3263,307,'武山县',620524),(3264,307,'张家川回族自治县',620525),(3265,307,'其它区',620526),(3266,307,'市辖区',620501),(3267,308,'凉州区',620602),(3268,308,'民勤县',620621),(3269,308,'古浪县',620622),(3270,308,'天祝藏族自治县',620623),(3271,308,'其它区',620624),(3272,308,'市辖区',620601),(3273,309,'甘州区',620702),(3274,309,'肃南裕固族自治县',620721),(3275,309,'民乐县',620722),(3276,309,'临泽县',620723),(3277,309,'高台县',620724),(3278,309,'山丹县',620725),(3279,309,'其它区',620726),(3280,309,'市辖区',620701),(3281,310,'崆峒区',620802),(3282,310,'泾川县',620821),(3283,310,'灵台县',620822),(3284,310,'崇信县',620823),(3285,310,'华亭县',620824),(3286,310,'庄浪县',620825),(3287,310,'静宁县',620826),(3288,310,'其它区',620827),(3289,310,'市辖区',620801),(3290,311,'肃州区',620902),(3291,311,'金塔县',620921),(3292,311,'瓜州县',620922),(3293,311,'肃北蒙古族自治县',620923),(3294,311,'阿克塞哈萨克族自治县',620924),(3295,311,'玉门市',620981),(3296,311,'敦煌市',620982),(3297,311,'其它区',620983),(3298,311,'市辖区',620901),(3299,312,'西峰区',621002),(3300,312,'庆城县',621021),(3301,312,'环县',621022),(3302,312,'华池县',621023),(3303,312,'合水县',621024),(3304,312,'正宁县',621025),(3305,312,'宁县',621026),(3306,312,'镇原县',621027),(3307,312,'其它区',621028),(3308,312,'市辖区',621001),(3309,313,'安定区',621102),(3310,313,'通渭县',621121),(3311,313,'陇西县',621122),(3312,313,'渭源县',621123),(3313,313,'临洮县',621124),(3314,313,'漳县',621125),(3315,313,'岷县',621126),(3316,313,'其它区',621127),(3317,313,'市辖区',621101),(3318,314,'武都区',621202),(3319,314,'成县',621221),(3320,314,'文县',621222),(3321,314,'宕昌县',621223),(3322,314,'康县',621224),(3323,314,'西和县',621225),(3324,314,'礼县',621226),(3325,314,'徽县',621227),(3326,314,'两当县',621228),(3327,314,'其它区',621229),(3328,314,'市辖区',621201),(3329,315,'临夏市',622901),(3330,315,'临夏县',622921),(3331,315,'康乐县',622922),(3332,315,'永靖县',622923),(3333,315,'广河县',622924),(3334,315,'和政县',622925),(3335,315,'东乡族自治县',622926),(3336,315,'积石山保安族东乡族撒拉族自治县',622927),(3337,315,'其它区',622928),(3338,316,'合作市',623001),(3339,316,'临潭县',623021),(3340,316,'卓尼县',623022),(3341,316,'舟曲县',623023),(3342,316,'迭部县',623024),(3343,316,'玛曲县',623025),(3344,316,'碌曲县',623026),(3345,316,'夏河县',623027),(3346,316,'其它区',623028),(3347,317,'城东区',630102),(3348,317,'城中区',630103),(3349,317,'城西区',630104),(3350,317,'城北区',630105),(3351,317,'大通回族土族自治县',630121),(3352,317,'湟中县',630122),(3353,317,'湟源县',630123),(3354,317,'其它区',630124),(3355,317,'市辖区',630101),(3356,318,'平安县',632121),(3357,318,'民和回族土族自治县',632122),(3358,318,'乐都县',632123),(3359,318,'互助土族自治县',632126),(3360,318,'化隆回族自治县',632127),(3361,318,'循化撒拉族自治县',632128),(3362,318,'其它区',632129),(3363,319,'门源回族自治县',632221),(3364,319,'祁连县',632222),(3365,319,'海晏县',632223),(3366,319,'刚察县',632224),(3367,319,'其它区',632225),(3368,320,'同仁县',632321),(3369,320,'尖扎县',632322),(3370,320,'泽库县',632323),(3371,320,'河南蒙古族自治县',632324),(3372,320,'其它区',632325),(3373,321,'共和县',632521),(3374,321,'同德县',632522),(3375,321,'贵德县',632523),(3376,321,'兴海县',632524),(3377,321,'贵南县',632525),(3378,321,'其它区',632526),(3379,322,'玛沁县',632621),(3380,322,'班玛县',632622),(3381,322,'甘德县',632623),(3382,322,'达日县',632624),(3383,322,'久治县',632625),(3384,322,'玛多县',632626),(3385,322,'其它区',632627),(3386,323,'玉树县',632721),(3387,323,'杂多县',632722),(3388,323,'称多县',632723),(3389,323,'治多县',632724),(3390,323,'囊谦县',632725),(3391,323,'曲麻莱县',632726),(3392,323,'其它区',632727),(3393,324,'格尔木市',632801),(3394,324,'德令哈市',632802),(3395,324,'乌兰县',632821),(3396,324,'都兰县',632822),(3397,324,'天峻县',632823),(3398,324,'其它区',632824),(3399,325,'兴庆区',640104),(3400,325,'西夏区',640105),(3401,325,'金凤区',640106),(3402,325,'永宁县',640121),(3403,325,'贺兰县',640122),(3404,325,'灵武市',640181),(3405,325,'其它区',640182),(3406,325,'市辖区',640101),(3407,326,'大武口区',640202),(3408,326,'惠农区',640205),(3409,326,'平罗县',640221),(3410,326,'其它区',640222),(3411,326,'市辖区',640201),(3412,327,'利通区',640302),(3413,327,'红寺堡区',640303),(3414,327,'盐池县',640323),(3415,327,'同心县',640324),(3416,327,'青铜峡市',640381),(3417,327,'其它区',640382),(3418,327,'市辖区',640301),(3419,328,'原州区',640402),(3420,328,'西吉县',640422),(3421,328,'隆德县',640423),(3422,328,'泾源县',640424),(3423,328,'彭阳县',640425),(3424,328,'其它区',640426),(3425,328,'市辖区',640401),(3426,329,'沙坡头区',640502),(3427,329,'中宁县',640521),(3428,329,'海原县',640522),(3429,329,'其它区',640523),(3430,329,'市辖区',640501),(3431,330,'天山区',650102),(3432,330,'沙依巴克区',650103),(3433,330,'新市区',650104),(3434,330,'水磨沟区',650105),(3435,330,'头屯河区',650106),(3436,330,'达坂城区',650107),(3437,330,'东山区',650108),(3438,330,'米东区',650109),(3439,330,'乌鲁木齐县',650121),(3440,330,'其它区',650122),(3441,330,'市辖区',650101),(3442,331,'独山子区',650202),(3443,331,'克拉玛依区',650203),(3444,331,'白碱滩区',650204),(3445,331,'乌尔禾区',650205),(3446,331,'其它区',650206),(3447,331,'市辖区',650201),(3448,332,'吐鲁番市',652101),(3449,332,'鄯善县',652122),(3450,332,'托克逊县',652123),(3451,332,'其它区',652124),(3452,333,'哈密市',652201),(3453,333,'巴里坤哈萨克自治县',652222),(3454,333,'伊吾县',652223),(3455,333,'其它区',652224),(3456,334,'昌吉市',652301),(3457,334,'阜康市',652302),(3458,334,'米泉市',652303),(3459,334,'呼图壁县',652323),(3460,334,'玛纳斯县',652324),(3461,334,'奇台县',652325),(3462,334,'吉木萨尔县',652327),(3463,334,'木垒哈萨克自治县',652328),(3464,334,'其它区',652329),(3465,335,'博乐市',652701),(3466,335,'精河县',652722),(3467,335,'温泉县',652723),(3468,335,'其它区',652724),(3469,336,'库尔勒市',652801),(3470,336,'轮台县',652822),(3471,336,'尉犁县',652823),(3472,336,'若羌县',652824),(3473,336,'且末县',652825),(3474,336,'焉耆回族自治县',652826),(3475,336,'和静县',652827),(3476,336,'和硕县',652828),(3477,336,'博湖县',652829),(3478,336,'其它区',652830),(3479,337,'阿克苏市',652901),(3480,337,'温宿县',652922),(3481,337,'库车县',652923),(3482,337,'沙雅县',652924),(3483,337,'新和县',652925),(3484,337,'拜城县',652926),(3485,337,'乌什县',652927),(3486,337,'阿瓦提县',652928),(3487,337,'柯坪县',652929),(3488,337,'其它区',652930),(3489,338,'阿图什市',653001),(3490,338,'阿克陶县',653022),(3491,338,'阿合奇县',653023),(3492,338,'乌恰县',653024),(3493,338,'其它区',653025),(3494,339,'喀什市',653101),(3495,339,'疏附县',653121),(3496,339,'疏勒县',653122),(3497,339,'英吉沙县',653123),(3498,339,'泽普县',653124),(3499,339,'莎车县',653125),(3500,339,'叶城县',653126),(3501,339,'麦盖提县',653127),(3502,339,'岳普湖县',653128),(3503,339,'伽师县',653129),(3504,339,'巴楚县',653130),(3505,339,'塔什库尔干塔吉克自治县',653131),(3506,339,'其它区',653132),(3507,340,'和田市',653201),(3508,340,'和田县',653221),(3509,340,'墨玉县',653222),(3510,340,'皮山县',653223),(3511,340,'洛浦县',653224),(3512,340,'策勒县',653225),(3513,340,'于田县',653226),(3514,340,'民丰县',653227),(3515,340,'其它区',653228),(3516,341,'伊宁市',654002),(3517,341,'奎屯市',654003),(3518,341,'伊宁县',654021),(3519,341,'察布查尔锡伯自治县',654022),(3520,341,'霍城县',654023),(3521,341,'巩留县',654024),(3522,341,'新源县',654025),(3523,341,'昭苏县',654026),(3524,341,'特克斯县',654027),(3525,341,'尼勒克县',654028),(3526,341,'其它区',654029),(3527,342,'塔城市',654201),(3528,342,'乌苏市',654202),(3529,342,'额敏县',654221),(3530,342,'沙湾县',654223),(3531,342,'托里县',654224),(3532,342,'裕民县',654225),(3533,342,'和布克赛尔蒙古自治县',654226),(3534,342,'其它区',654227),(3535,343,'阿勒泰市',654301),(3536,343,'布尔津县',654321),(3537,343,'富蕴县',654322),(3538,343,'福海县',654323),(3539,343,'哈巴河县',654324),(3540,343,'青河县',654325),(3541,343,'吉木乃县',654326),(3542,343,'其它区',654327),(3543,344,'石河子市',659001),(3544,344,'阿拉尔市',659002),(3545,344,'图木舒克市',659003),(3546,344,'五家渠市',659004),(3547,122,'台商区',350506),(3549,256,'恩阳区',511903),(3550,335,'阿拉山口口岸',652790),(3552,218,'枫溪区',445103),(3553,254,'达川区',511703),(3554,74,'松岭区',232702),(3555,74,'阿木尔林业局',232712),(3556,74,'韩家园林业局',232713),(3557,74,'新林区',232703),(3558,74,'图强林业局',232711),(3559,74,'十八站林业局',232714),(3560,74,'呼中区',232704),(3561,216,'长安镇',441903),(3562,216,'厚街镇',441904),(3563,216,'石龙镇',441906),(3564,216,'石碣镇',441910),(3565,216,'石排镇',441911),(3566,216,'中堂镇',441913),(3567,216,'企石镇',441915),(3568,216,'桥头镇',441917),(3569,216,'麻涌镇',441919),(3570,216,'樟木头镇',441920),(3571,216,'大岭山镇',441922),(3572,216,'横沥镇',441924),(3573,216,'东坑镇',441926),(3574,216,'道滘镇',441927),(3575,216,'沙田镇',441929),(3576,216,'万江区',441936),(3577,216,'虎门镇',441902),(3578,216,'茶山镇',441905),(3579,216,'大朗镇',441907),(3580,216,'凤岗镇',441909),(3581,216,'清溪镇',441912),(3582,216,'寮步镇',441914),(3583,216,'黄江镇',441916),(3584,216,'塘厦镇',441918),(3585,216,'高埗镇',441921),(3586,216,'谢岗镇',441923),(3587,216,'望牛墩镇',441925),(3588,216,'南城区',441935),(3589,216,'松山湖',441937),(3590,216,'洪梅镇',441928),(3591,216,'常平镇',441908),(3592,32,'棋盘井',150629),(3593,32,'上湾',150630),(3594,253,'前锋区',511603),(3595,261,'观山湖区',520115),(3596,223,'高新区',450306),(3597,324,'茫崖',632826),(3598,324,'冷湖',632825),(3599,101,'巢湖市',340181),(3600,101,'庐江县',340125),(3601,33,'大雁',150787),(3602,33,'莫尔道嘎',150789),(3603,33,'伊敏河',150790),(3604,33,'大杨树',150788),(3605,197,'洪江区',431203),(3606,84,'经济开发区',320805),(3607,345,'克井镇',411912),(3608,345,'承留镇',411913),(3609,345,'思礼镇',411914),(3610,345,'轵城镇',411915),(3611,345,'王屋镇',411916),(3612,345,'大峪镇',411917),(3613,345,'梨林镇',411919),(3614,345,'下冶镇',411920),(3615,345,'坡头镇',411911),(3616,345,'邵原镇',411918),(3617,345,'亚桥镇',411921),(3618,345,'五龙口镇',411910),(3619,345,'济源市辖区',411901),(3620,130,'庐山风景区',360498),(3621,130,'共青开发区',360499),(3622,83,'经济技术开发区',320707),(3623,106,'和县',340523),(3625,82,'开发区',320603),(3627,202,'坪山新区',440313),(3628,81,'工业园区',320586),(3629,81,'高新区',320509),(3630,78,'新区',320212),(3631,89,'宿迁市经济开发区',321312),(3632,255,'名山区',511803),(3633,85,'经济开发区',320904),(3634,341,'霍尔果斯口岸',654090),(3635,252,'南溪区',511503),(3636,325,'宁东区',640107),(3637,217,'三角镇',442008),(3638,217,'民众镇',442009),(3639,217,'南朗镇',442010),(3640,217,'三乡镇',442011),(3641,217,'坦洲镇',442012),(3642,217,'西区街道',442002),(3643,217,'板芙镇',442014),(3644,217,'大涌镇',442015),(3645,217,'古镇镇',442018),(3646,217,'东凤镇',442020),(3647,217,'阜沙镇',442022),(3648,217,'黄圃镇',442023),(3649,217,'东区街道',442003),(3650,217,'火炬开发区',442005),(3651,217,'五桂山街道',442006),(3652,217,'神湾镇',442013),(3653,217,'沙溪镇',442016),(3654,217,'小榄镇',442019),(3655,217,'南头镇',442021),(3656,217,'东升镇',442024),(3657,217,'南区',442004),(3658,217,'港口镇',442007),(3659,217,'横栏镇',442017),(3660,238,'北部新区',500199),(3661,194,'高新区',430904),(3662,172,'东湖开发区',420108),(3663,346,'市辖区',429008),(3664,347,'市辖区',429108),(3665,348,'市辖区',429208),(3666,349,'市辖区',429308),(3667,81,'姑苏区',320508),(3669,81,'吴江区',320584),(3670,95,'柯桥区',330621),(3671,103,'无为县',340224),(3672,150,'兰陵县',371324),(3673,151,'陵城区',371421),(3674,176,'襄州区',420607),(3675,216,'市辖区',441901),(3676,217,'市辖区',442001),(3677,223,'荔浦县',450331),(3678,265,'市辖区',522201),(3679,265,'万山区',522230),(3680,267,'市辖区',522401),(3681,283,'芒市',533103),(3682,287,'卡若区',542121),(3683,345,'市辖区',411901),(3684,127,'红谷滩新区',360199),(3685,350,'市辖区',469011),(3686,101,'滨湖新区',340125),(3687,92,'龙港镇',330383),(3688,247,'河东新区',510926),(3689,351,'市辖区',469035),(3690,237,'市辖区',469036),(3691,144,'高新区',370706),(3692,202,'龙华新区',440310),(3693,293,'经济技术开发区',610105),(3694,293,'曲江新区',610106),(3695,143,'开发区',370603),(3696,148,'新市区',371104),(3697,207,'经济技术开发区',440805),(3698,106,'博望区',340506),(3699,202,'光明新区',440311),(3700,236,'海棠区',460202),(3701,236,'吉阳区',460203),(3702,236,'天涯区',460204),(3703,236,'崖州区',460205),(3704,202,'大鹏新区',440312),(3705,101,'经济技术开发区',340106),(3706,267,'七星关区',520502),(3707,265,'碧江区',520602),(3708,216,'东城街道',441930),(3709,216,'南城街道',441931),(3710,216,'万江街道',441932),(3711,216,'莞城街道',441933),(3712,352,'市辖区',469040),(3713,353,'市辖区',469031),(3714,354,'市辖区',469041),(3715,355,'市辖区',469051),(3716,356,'市辖区',469061),(3717,357,'市辖区',469071),(3718,358,'市辖区',469081),(3719,359,'市辖区',469091),(3720,360,'市辖区',469101),(3721,361,'市辖区',469111),(3722,362,'市辖区',469121),(3723,363,'市辖区',469131),(3724,364,'市辖区',469141),(3725,365,'市辖区',469151),(3726,317,'海湖新区',630125),(3727,10,'莲池区',130606),(3728,10,'莲池区',130606),(3729,6,'曹妃甸区',130209);

/*Table structure for table `kb_order_collection` */

DROP TABLE IF EXISTS `kb_order_collection`;

CREATE TABLE `kb_order_collection` (
  `order_collection_id` int(10) unsigned NOT NULL AUTO_INCREMENT,
  `user_id` int(10) unsigned NOT NULL,
  `order_number` varchar(32) NOT NULL,
  `status` tinyint(1) NOT NULL DEFAULT '1' COMMENT '订单状态，1待处理，2处理中，3已处理，4已取消',
  `shop_name` varchar(128) NOT NULL,
  `shop_keywords` varchar(256) NOT NULL,
  `shop_url` varchar(1000) NOT NULL,
  `shop_product_id` varchar(64) NOT NULL,
  `title` varchar(200) NOT NULL,
  `title_id` int(11) NOT NULL,
  `cost_price` decimal(8,2) NOT NULL DEFAULT '0.00',
  `general_price` decimal(8,2) NOT NULL DEFAULT '0.00',
  `vip_price` decimal(8,2) NOT NULL DEFAULT '0.00',
  `agent_price` decimal(8,2) NOT NULL DEFAULT '0.00',
  `api_price` decimal(8,2) NOT NULL DEFAULT '0.00',
  `buy_price` decimal(8,2) NOT NULL DEFAULT '0.00' COMMENT '会员购买价格',
  `post_price` decimal(8,2) NOT NULL DEFAULT '0.00' COMMENT '提交总站的实际支付价格',
  `gmt_post` datetime DEFAULT NULL,
  `gmt_create` datetime NOT NULL,
  `gmt_modify` datetime NOT NULL,
  `operator` varchar(32) NOT NULL DEFAULT '',
  PRIMARY KEY (`order_collection_id`),
  KEY `idx_user_id` (`user_id`),
  KEY `idx_status` (`status`),
  KEY `idx_title_id` (`title_id`)
) ENGINE=InnoDB AUTO_INCREMENT=7 DEFAULT CHARSET=utf8;

/*Data for the table `kb_order_collection` */

insert  into `kb_order_collection`(`order_collection_id`,`user_id`,`order_number`,`status`,`shop_name`,`shop_keywords`,`shop_url`,`shop_product_id`,`title`,`title_id`,`cost_price`,`general_price`,`vip_price`,`agent_price`,`api_price`,`buy_price`,`post_price`,`gmt_post`,`gmt_create`,`gmt_modify`,`operator`) values (1,4,'201807151000178491',1,'澳洲美国日本直邮','爱他美，婴幼儿奶粉','https://item.taobao.com/item.htm?spm=a1z10.1-c.w4004-11641426244.2.369274b4nSz7MO&id=566623510372','','（电脑端100个淘宝/天猫/阿里-收藏宝贝）',107563,'4.00','0.00','0.00','0.00','0.00','4.00','0.00',NULL,'2018-07-15 10:00:17','2018-07-15 10:00:17',''),(2,4,'201807151000373640',2,'澳洲美国日本直邮','爱他美，婴幼儿奶粉','https://item.taobao.com/item.htm?spm=a1z10.1-c.w4004-11641426244.2.369274b4nSz7MO&id=566623510372','','（电脑端100个淘宝/天猫/阿里-收藏宝贝）',107563,'4.00','0.00','0.00','0.00','0.00','4.00','0.00',NULL,'2018-07-15 10:00:37','2018-07-15 10:00:37',''),(3,4,'201807151000396411',1,'澳洲美国日本直邮','爱他美，婴幼儿奶粉','https://item.taobao.com/item.htm?spm=a1z10.1-c.w4004-11641426244.2.369274b4nSz7MO&id=566623510372','','（电脑端100个淘宝/天猫/阿里-收藏宝贝）',107563,'4.00','0.00','0.00','0.00','0.00','4.00','0.00',NULL,'2018-07-15 10:00:39','2018-07-15 10:00:39',''),(4,4,'201807151000413365',3,'澳洲美国日本直邮','爱他美，婴幼儿奶粉','https://item.taobao.com/item.htm?spm=a1z10.1-c.w4004-11641426244.2.369274b4nSz7MO&id=566623510372','','（电脑端100个淘宝/天猫/阿里-收藏宝贝）',107563,'4.00','0.00','0.00','0.00','0.00','4.00','0.00',NULL,'2018-07-15 10:00:41','2018-07-15 10:00:41',''),(5,4,'201807151000428165',3,'澳洲美国日本直邮','爱他美，婴幼儿奶粉','https://item.taobao.com/item.htm?spm=a1z10.1-c.w4004-11641426244.2.369274b4nSz7MO&id=566623510372','','（电脑端100个淘宝/天猫/阿里-收藏宝贝）',107563,'4.00','0.00','0.00','0.00','0.00','4.00','0.00',NULL,'2018-07-15 10:00:42','2018-07-15 10:00:42',''),(6,4,'201807151000447156',1,'澳洲美国日本直邮','爱他美，婴幼儿奶粉','https://item.taobao.com/item.htm?spm=a1z10.1-c.w4004-11641426244.2.369274b4nSz7MO&id=566623510372','','（电脑端100个淘宝/天猫/阿里-收藏宝贝）',107563,'4.00','0.00','0.00','0.00','0.00','4.00','0.00',NULL,'2018-07-15 10:00:44','2018-07-15 10:00:44','');

/*Table structure for table `kb_order_express` */

DROP TABLE IF EXISTS `kb_order_express`;

CREATE TABLE `kb_order_express` (
  `order_express_id` int(10) unsigned NOT NULL AUTO_INCREMENT,
  `user_id` int(10) unsigned NOT NULL,
  `shipping_address_id` int(10) unsigned NOT NULL,
  `status` tinyint(1) NOT NULL DEFAULT '1' COMMENT '订单状态，1已销售，2已提交，3已发货',
  `title` varchar(200) NOT NULL,
  `title_id` int(11) NOT NULL,
  `cost_price` decimal(8,2) NOT NULL DEFAULT '0.00',
  `general_price` decimal(8,2) NOT NULL DEFAULT '0.00',
  `vip_price` decimal(8,2) NOT NULL DEFAULT '0.00',
  `agent_price` decimal(8,2) NOT NULL DEFAULT '0.00',
  `api_price` decimal(8,2) NOT NULL DEFAULT '0.00',
  `buy_price` decimal(8,2) NOT NULL DEFAULT '0.00' COMMENT '会员购买价格',
  `post_price` decimal(8,2) NOT NULL DEFAULT '0.00' COMMENT '提交总站的实际支付价格',
  `post_pid` varchar(32) NOT NULL,
  `post_msg` varchar(1000) NOT NULL,
  `weight_kg` decimal(8,2) NOT NULL DEFAULT '0.00',
  `logistics_number` varchar(64) NOT NULL DEFAULT '',
  `gmt_post` datetime DEFAULT NULL,
  `gmt_create` datetime NOT NULL,
  `gmt_modify` datetime NOT NULL,
  `operator` varchar(32) NOT NULL DEFAULT '',
  PRIMARY KEY (`order_express_id`),
  KEY `idx_user_id` (`user_id`),
  KEY `idx_shipping_address_id` (`shipping_address_id`)
) ENGINE=InnoDB AUTO_INCREMENT=12 DEFAULT CHARSET=utf8;

/*Data for the table `kb_order_express` */

insert  into `kb_order_express`(`order_express_id`,`user_id`,`shipping_address_id`,`status`,`title`,`title_id`,`cost_price`,`general_price`,`vip_price`,`agent_price`,`api_price`,`buy_price`,`post_price`,`post_pid`,`post_msg`,`weight_kg`,`logistics_number`,`gmt_post`,`gmt_create`,`gmt_modify`,`operator`) values (1,4,8,1,'安能物流（淘宝-专用）',62,'1.00','4.00','3.50','3.00','2.50','3.50','0.00','201807102033073950','达达，18705010722，福建省 三明市 宁化县 禾口村泥潭1组1号，365413','0.50','',NULL,'2018-07-10 20:33:06','2018-07-10 20:33:06',''),(2,4,8,2,'百世快递(拼多多-专用)',65,'1.00','4.00','3.50','3.00','2.50','3.50','1.30','201807102033073952','达达，18705010722，福建省 三明市 宁化县 禾口村泥潭1组1号，365413','0.50','336016460136','2018-07-12 19:46:50','2018-07-10 20:33:06','2018-07-12 19:46:49',''),(3,4,9,2,'百世快递(拼多多-专用)',65,'1.00','4.00','3.50','3.00','2.50','3.50','1.30','201807102033073953','达达，18705010722，福建省 三明市 宁化县 禾口村泥潭1组1号，365413','0.50','336016460135','2018-07-12 19:46:50','2018-07-10 20:33:06','2018-07-12 19:46:49',''),(4,4,9,1,'安能物流（淘宝-专用）',62,'1.00','4.00','3.50','3.00','2.50','3.50','0.00','201807102033073954','达达，18705010722，福建省 三明市 宁化县 禾口村泥潭1组1号，365413','0.50','',NULL,'2018-07-10 20:33:06','2018-07-10 20:33:06',''),(5,4,8,1,'安能物流（淘宝-专用）',62,'1.00','4.00','3.50','3.00','2.50','3.50','0.00','201807102033073955','达达，18705010722，福建省 三明市 宁化县 禾口村泥潭1组1号，365413','0.50','',NULL,'2018-07-10 20:33:06','2018-07-10 20:33:06',''),(6,4,9,1,'安能物流（淘宝-专用）',62,'1.00','4.00','3.50','3.00','2.50','3.50','0.00','201807102033073956','达达，18705010722，福建省 三明市 宁化县 禾口村泥潭1组1号，365413','0.50','',NULL,'2018-07-10 20:33:06','2018-07-10 20:33:06',''),(7,4,8,1,'安能物流（淘宝-专用）',62,'1.00','4.00','3.50','3.00','2.50','3.50','0.00','201807102033073957','达达，18705010722，福建省 三明市 宁化县 禾口村泥潭1组1号，365413','0.50','',NULL,'2018-07-10 20:33:06','2018-07-10 20:33:06',''),(8,4,9,1,'国通快递（淘宝-专用）',45,'1.30','4.30','3.80','3.30','2.80','3.80','0.00','201807132011495310','刘得华，13814350008，北京 北京市 大兴区 黄村西大街228号 北京大学 ，102600','0.50','',NULL,'2018-07-13 20:11:49','2018-07-13 20:11:49',''),(9,4,9,1,'国通快递（淘宝-专用）',45,'1.30','4.30','3.80','3.30','2.80','3.80','0.00','201807132011495311','刘得华，13814350008，北京 北京市 大兴区 黄村西大街228号 北京大学 ，102600','0.50','',NULL,'2018-07-13 20:11:49','2018-07-13 20:11:49',''),(10,4,9,1,'国通快递（淘宝-专用）',45,'1.30','4.30','3.80','3.30','2.80','3.80','0.00','201807132011495312','刘得华，13814350008，北京 北京市 大兴区 黄村西大街228号 北京大学 ，102600','0.50','',NULL,'2018-07-13 20:11:49','2018-07-13 20:11:49',''),(11,4,9,1,'国通快递（淘宝-专用）',45,'1.30','4.30','3.80','3.30','2.80','3.80','0.00','201807132029013340','得华，13814350008，北京 北京市 大兴区 黄村西大街228号 北京大学 ，102600','0.50','',NULL,'2018-07-13 20:29:01','2018-07-13 20:29:01','');

/*Table structure for table `kb_order_flow` */

DROP TABLE IF EXISTS `kb_order_flow`;

CREATE TABLE `kb_order_flow` (
  `order_flow_id` int(10) unsigned NOT NULL AUTO_INCREMENT,
  `user_id` int(10) unsigned NOT NULL,
  `order_number` varchar(32) NOT NULL,
  `status` tinyint(1) NOT NULL DEFAULT '1' COMMENT '订单状态，1待处理，2处理中，3已处理，4已取消',
  `shop_name` varchar(128) NOT NULL,
  `shop_keywords` varchar(256) NOT NULL,
  `shop_url` varchar(1000) NOT NULL,
  `shop_product_id` varchar(64) NOT NULL,
  `title` varchar(200) NOT NULL,
  `title_id` int(11) NOT NULL,
  `cost_price` decimal(8,2) NOT NULL DEFAULT '0.00',
  `general_price` decimal(8,2) NOT NULL DEFAULT '0.00',
  `vip_price` decimal(8,2) NOT NULL DEFAULT '0.00',
  `agent_price` decimal(8,2) NOT NULL DEFAULT '0.00',
  `api_price` decimal(8,2) NOT NULL DEFAULT '0.00',
  `buy_price` decimal(8,2) NOT NULL DEFAULT '0.00' COMMENT '会员购买价格',
  `post_price` decimal(8,2) NOT NULL DEFAULT '0.00' COMMENT '提交总站的实际支付价格',
  `gmt_post` datetime DEFAULT NULL,
  `gmt_create` datetime NOT NULL,
  `gmt_modify` datetime NOT NULL,
  `operator` varchar(32) NOT NULL DEFAULT '',
  PRIMARY KEY (`order_flow_id`),
  KEY `idx_user_id` (`user_id`),
  KEY `idx_status` (`status`),
  KEY `idx_title_id` (`title_id`)
) ENGINE=InnoDB AUTO_INCREMENT=7 DEFAULT CHARSET=utf8;

/*Data for the table `kb_order_flow` */

insert  into `kb_order_flow`(`order_flow_id`,`user_id`,`order_number`,`status`,`shop_name`,`shop_keywords`,`shop_url`,`shop_product_id`,`title`,`title_id`,`cost_price`,`general_price`,`vip_price`,`agent_price`,`api_price`,`buy_price`,`post_price`,`gmt_post`,`gmt_create`,`gmt_modify`,`operator`) values (1,4,'201807141848519626',1,'澳洲美国日本直邮','爱他美，婴幼儿奶粉','https://item.taobao.com/item.htm?spm=a1z10.1-c.w4004-11641426244.2.369274b4nSz7MO&id=566623510372','','（电脑端100搜索流量*1天）',107469,'1.00','3.00','2.00','1.50','1.30','2.00','0.00',NULL,'2018-07-14 17:43:14','2018-07-14 17:43:14',''),(2,4,'201807141848519645',3,'澳洲美国日本直邮','爱他美，婴幼儿奶粉','','566623510372','（电脑端100搜索流量*1天）',107469,'1.00','3.00','2.00','1.50','1.30','2.00','0.00',NULL,'2018-07-14 17:43:41','2018-07-14 17:43:41',''),(3,4,'201807141848519649',2,'澳洲美国日本直邮','爱他美，婴幼儿奶粉','','566623510372','（电脑端100搜索流量*1天）',107469,'1.00','3.00','2.00','1.50','1.30','2.00','0.00',NULL,'2018-07-14 18:25:56','2018-07-14 18:25:56',''),(4,4,'201807141848519665',1,'澳洲美国日本直邮','爱他美，婴幼儿奶粉','','566623510372','（电脑端100搜索流量*1天）',107469,'1.00','3.00','2.00','1.50','1.30','2.00','0.00',NULL,'2018-07-14 18:25:59','2018-07-14 18:25:59',''),(5,4,'201807141848519569',1,'澳洲美国日本直邮','海淘，跨境购，澳洲爱他美','https://item.taobao.com/item.htm?spm=a1z10.1-c.w4004-11641426244.2.369274b4nSz7MO&id=566623510372','','（手机端100搜索流量*1天）',107471,'9.00','0.00','0.00','0.00','0.00','2.00','0.00',NULL,'2018-07-14 18:30:57','2018-07-14 18:30:57',''),(6,4,'201807141848519641',1,'磊大概','在有要，基本面','http://www.laidaobin.com','','（电脑端100搜索流量*1天）',107469,'1.00','3.00','2.00','1.50','1.30','2.00','0.00',NULL,'2018-07-14 18:48:51','2018-07-14 18:48:51','');

/*Table structure for table `kb_price` */

DROP TABLE IF EXISTS `kb_price`;

CREATE TABLE `kb_price` (
  `price_id` int(11) NOT NULL AUTO_INCREMENT,
  `group` varchar(32) NOT NULL COMMENT 'express / flow / collection',
  `title` varchar(200) NOT NULL,
  `title_id` int(11) NOT NULL,
  `type` varchar(100) NOT NULL DEFAULT '',
  `type_id` int(11) NOT NULL DEFAULT '0',
  `sort` smallint(6) NOT NULL DEFAULT '0',
  `status` tinyint(1) NOT NULL DEFAULT '1',
  `cost_price` decimal(8,2) NOT NULL DEFAULT '0.00',
  `general_price` decimal(8,2) NOT NULL DEFAULT '0.00',
  `vip_price` decimal(8,2) NOT NULL DEFAULT '0.00',
  `agent_price` decimal(8,2) NOT NULL DEFAULT '0.00',
  `api_price` decimal(8,2) NOT NULL DEFAULT '0.00',
  `tip` varchar(500) NOT NULL DEFAULT '',
  `gmt_create` datetime NOT NULL,
  `gmt_modify` datetime NOT NULL,
  `operator` varchar(32) NOT NULL DEFAULT '',
  PRIMARY KEY (`price_id`),
  KEY `idx_group` (`group`),
  KEY `idx_title_id` (`title_id`),
  KEY `idx_type_id` (`type_id`)
) ENGINE=InnoDB AUTO_INCREMENT=319 DEFAULT CHARSET=utf8;

/*Data for the table `kb_price` */

insert  into `kb_price`(`price_id`,`group`,`title`,`title_id`,`type`,`type_id`,`sort`,`status`,`cost_price`,`general_price`,`vip_price`,`agent_price`,`api_price`,`tip`,`gmt_create`,`gmt_modify`,`operator`) values (20,'express','国通快递（淘宝-专用）',45,'',0,0,1,'1.30','4.30','3.80','3.30','2.80','该快递目前只支持《淘宝》《天猫》《阿里》卖家订单发货，每天21:30点之前下单24点左右出物流，超21:30点以后购买的是第二天出物流！','2018-06-19 20:56:55','2018-06-20 11:08:44','ddpm'),(21,'express','龙邦速递（淘宝-专用）',7,'',0,0,1,'1.65','4.65','4.15','3.65','3.15','该快递目前只支持《淘宝》《天猫》《阿里》卖家订单发货，每天21:30点之前下单24点左右出物流，超21:30点以后购买的是第二天出物流！','2018-06-19 20:56:55','2018-06-20 11:08:44','ddpm'),(22,'express','安能物流（淘宝-专用）',62,'',0,0,1,'1.00','4.00','3.50','3.00','2.50','请选择安能物流发货，每天21点之前下单当天晚上显示物流，超21点以后购买的是第二天晚上出物流！','2018-06-19 20:56:55','2018-06-20 11:08:44','ddpm'),(23,'express','增益速递（淘宝-专用）',33,'',0,0,1,'1.10','4.10','3.60','3.10','2.60','每天21点之前下单当天晚上显示物流，超21点以后购买的是第二天晚上出物流！','2018-06-19 20:56:55','2018-06-20 11:08:44','ddpm'),(24,'express','申通快递（淘宝-专用）',54,'',0,0,1,'1.90','4.90','4.40','3.90','3.40','支持淘宝、天猫、发货，每天21点之前下单当天晚上显示物流，超21点以后购买的是第二天晚上出物流！','2018-06-19 20:56:55','2018-06-20 11:08:44','ddpm'),(25,'express','百世快递（淘宝-专用）',74,'',0,0,1,'1.90','4.90','4.40','3.90','3.40','该快递目前只支持《淘宝》《天猫》《阿里》卖家订单发货，每天21:30点之前下单24点左右出物流，超21:30点以后购买的是第二天出物流！','2018-06-19 20:56:55','2018-06-20 11:08:44','ddpm'),(26,'express','龙邦快递（京东-专用）',35,'',0,0,1,'0.85','3.85','3.35','2.85','2.35','该快递目前只支持《京东》卖家订单发货，每天14点之前下单当天18点左右出物流，21:30点之前下单24点左右出物流，超21:30点以后购买的是第二天出物流！','2018-06-19 20:56:55','2018-06-20 11:08:44','ddpm'),(27,'express','国通快递（京东-专用）',42,'',0,0,1,'1.05','4.05','3.55','3.05','2.55','该快递目前只支持《京东》《蘑菇街》《折800》《微店》《苏宁》卖家订单发货，21:30点之前下单24点左右出物流，超21:30点以后购买的是第二天出物流！','2018-06-19 20:56:55','2018-06-20 11:08:44','ddpm'),(28,'express','申通快递（京东-专用）',55,'',0,0,1,'1.25','4.25','3.75','3.25','2.75','每天21点之前下单当天晚上显示物流，本快递只能在京东发货，超21点以后购买的是第二天晚上出物流！（本单号严禁淘宝发货，一旦在淘宝发货将无法显示物流！）','2018-06-19 20:56:55','2018-06-20 11:08:44','ddpm'),(29,'express','安能快递（京东-专用）',58,'',0,0,1,'0.90','3.90','3.40','2.90','2.40','该快递目前只支持《京东》卖家订单发货，每天21:30点之前下单24点左右出物流，超21:30点以后购买的是第二天出物流！','2018-06-19 20:56:55','2018-06-20 11:08:44','ddpm'),(30,'express','国通快递(拼多多-专用)',66,'',0,0,1,'1.05','4.05','3.55','3.05','2.55','该快递目前只支持《拼多多》卖家订单发货，每天14点之前下单当天18点左右出物流，22点之前下单24点左右出物流，超22点以后购买的是第二天出物流！（另：购买后请在拼多多后台发货否则不出物流！）','2018-06-19 20:56:55','2018-06-20 11:08:44','ddpm'),(31,'express','百世快递(拼多多-专用)',65,'',0,0,1,'1.30','4.30','3.80','3.30','2.80','该快递目前只支持《拼多多》卖家订单发货，每天14点之前下单当天18点左右出物流，22点之前下单24点左右出物流，超22点以后购买的是第二天出物流！','2018-06-19 20:56:55','2018-06-20 11:08:44','ddpm'),(32,'express','龙邦快递(拼多多-专用)',68,'',0,0,1,'0.90','3.90','3.40','2.90','2.40','该快递目前只支持《拼多多》卖家订单发货，每天14点之前下单当天18点左右出物流，22点之前下单24点左右出物流，超22点以后购买的是第二天出物流！','2018-06-19 20:56:55','2018-06-20 11:08:44','ddpm'),(33,'express','亚风速递(拼多多-专用)',69,'',0,0,1,'0.90','3.90','3.40','2.90','2.40','该快递目前只支持《拼多多》卖家订单发货，每天14点之前下单当天18点左右出物流，22点之前下单24点左右出物流，超22点以后购买的是第二天出物流！','2018-06-19 20:56:55','2018-06-20 11:08:44','ddpm'),(34,'express','申通快递(拼多多-专用)',72,'',0,0,1,'1.25','4.25','3.75','3.25','2.75','该快递目前只支持《拼多多》卖家订单发货，每天14点之前下单当天18点左右出物流，22点之前下单24点左右出物流，超22点以后购买的是第二天出物流！（本单号严禁淘宝发货，一旦在淘宝发货将无法显示物流！）','2018-06-19 20:56:55','2018-06-20 11:08:44','ddpm'),(35,'express','圆通速递(拼多多-专用)',81,'',0,0,1,'1.40','4.40','3.90','3.40','2.90','本快递只支持拼多多发货，购买后把快递单号拿去发货，快递上班时间购买1-2个小时内就出物流的了非上班时间购买24小时内出物流，本快递是直接对接快递公司一旦购买了以后是无法退款的，请您在确认购买之前核实清楚，避免给亲带麻烦！！','2018-06-19 20:56:55','2018-06-20 11:08:44','ddpm'),(36,'express','韵达速递（广州-全国）',30,'',0,0,1,'2.10','5.10','4.60','4.10','3.60','本快递支持所有电商平台发货，购买后把快递单号拿去发货，每天22点之前下单当晚出物流，超22点下单的第二天出物流！本快递是直接对接快递公司一旦购买了以后是无法退款的，请您在确认购买之前核实清楚，避免给亲带麻烦！（收货地址：新疆、西藏、不到，谢拒购买！）','2018-06-19 20:56:55','2018-06-20 11:08:44','ddpm'),(37,'express','圆通速递（全网-全国）',41,'',0,0,1,'1.80','4.80','4.30','3.80','3.30','本快递支持所有电商平台发货，购买后把快递单号拿去发货，快递上班时间购买1-2个小时内就出物流的了非上班时间购买24小时内出物流，本快递是直接对接快递公司一旦购买了以后是无法退款的，请您在确认购买之前核实清楚，避免给亲带麻烦！！','2018-06-19 20:56:55','2018-06-20 11:08:44','ddpm'),(224,'flow','（电脑端100搜索流量*1天）',107469,'淘宝/天猫流量-电脑端',1,0,0,'1.00','3.00','2.00','1.50','1.30','一天套餐默认当天走完，如有指定要求时间的备注在（店铺旺旺）号即可。','2018-06-20 10:58:31','2018-07-14 17:05:40','ddpm'),(225,'flow','（手机20+电脑50+收藏10+购物车4 *1天）',107470,'淘宝/天猫流量-混和端',3,0,1,'3.00','0.00','0.00','0.00','0.00','1天套餐适合测试本网站的流量是不是真实流量，点击上方流量可选更多优惠套餐！','2018-06-20 10:58:31','2018-06-20 10:58:31','ddpm'),(226,'flow','（手机端100搜索流量*1天）',107471,'淘宝/天猫流量-手机端',2,0,1,'9.00','0.00','0.00','0.00','0.00','1天套餐适合测试本网站的流量是不是真实流量，点击上方流量可选更多优惠套餐！','2018-06-20 10:58:31','2018-06-20 10:58:31','ddpm'),(227,'flow','（电脑端100搜索流量*1天）',107472,'阿里巴巴流量',4,0,1,'1.00','0.00','0.00','0.00','0.00','1天套餐适合测试本网站的流量是不是真实流量，点击上方流量可选更多优惠套餐！','2018-06-20 10:58:31','2018-06-20 10:58:31','ddpm'),(228,'flow','（电脑端100搜索流量*1天）',107473,'京东商城流量',5,0,1,'1.00','0.00','0.00','0.00','0.00','1天套餐适合测试本网站的流量是不是真实流量，点击上方流量可选更多优惠套餐！','2018-06-20 10:58:31','2018-06-20 10:58:31','ddpm'),(229,'flow','（电脑端50搜索流量*10天）',107474,'京东商城流量',5,0,1,'5.00','0.00','0.00','0.00','0.00','本套餐适合小商家每天刷1-2单的用户，点击上方流量可选更多优惠套餐！','2018-06-20 10:58:31','2018-06-20 10:58:31','ddpm'),(230,'flow','（电脑端50搜索流量*10天）',107475,'阿里巴巴流量',4,0,1,'5.00','0.00','0.00','0.00','0.00','本套餐适合小商家每天刷1-2单的用户，点击上方流量可选更多优惠套餐！','2018-06-20 10:58:31','2018-06-20 10:58:31','ddpm'),(231,'flow','（手机端20搜索流量送6宝贝收藏*10天）',107476,'淘宝/天猫流量-手机端',2,0,1,'18.00','0.00','0.00','0.00','0.00','本套餐适合小商家每天刷1-2单的用户，点击上方流量可选更多优惠套餐！','2018-06-20 10:58:31','2018-06-20 10:58:31','ddpm'),(232,'flow','（手机10+电脑30+收藏4+购物车4*10天）',107477,'淘宝/天猫流量-混和端',3,0,1,'16.00','0.00','0.00','0.00','0.00','本套餐适合小商家每天刷1-2单的用户，点击上方流量可选更多优惠套餐！','2018-06-20 10:58:31','2018-06-20 10:58:31','ddpm'),(233,'flow','（电脑端50搜索流量*10天）',107478,'淘宝/天猫流量-电脑端',1,0,0,'5.00','0.00','0.00','0.00','0.00','本套餐适合小商家每天刷1-2单的用户，点击上方流量可选更多优惠套餐！','2018-06-20 10:58:31','2018-07-14 17:05:40','ddpm'),(234,'flow','（电脑端100搜索流量送2宝贝收藏*10天）',107479,'淘宝/天猫流量-电脑端',1,0,0,'9.00','0.00','0.00','0.00','0.00','本套餐支持2个宝贝（宝贝链接和宝贝关键词）请用逗号区分开即可！','2018-06-20 10:58:31','2018-07-14 17:05:40','ddpm'),(235,'flow','（手机20+电脑50+收藏10+购物车4*10天）',107480,'淘宝/天猫流量-混和端',3,0,1,'25.00','0.00','0.00','0.00','0.00','本套餐适合小商家每天刷3-4单的用户，点击上方流量可选更多优惠套餐！','2018-06-20 10:58:31','2018-06-20 10:58:31','ddpm'),(236,'flow','（手机端30搜索流量送7宝贝收藏*10天）',107481,'淘宝/天猫流量-手机端',2,0,1,'26.00','0.00','0.00','0.00','0.00','本套餐支持2个宝贝（宝贝链接和宝贝关键词）请用逗号区分开即可！','2018-06-20 10:58:31','2018-06-20 10:58:31','ddpm'),(237,'flow','（电脑端100流量+2宝贝收藏*10天）',107482,'阿里巴巴流量',4,0,1,'9.00','0.00','0.00','0.00','0.00','本套餐支持2个宝贝（宝贝链接和宝贝关键词）请用逗号区分开即可！','2018-06-20 10:58:31','2018-06-20 10:58:31','ddpm'),(238,'flow','（电脑端100流量*10天）',107483,'京东商城流量',5,0,1,'9.00','0.00','0.00','0.00','0.00','本套餐支持2个宝贝（宝贝链接和宝贝关键词）请用逗号区分开即可！','2018-06-20 10:58:31','2018-06-20 10:58:31','ddpm'),(239,'flow','（电脑端200搜索流量*10天）',107484,'京东商城流量',5,0,1,'17.00','0.00','0.00','0.00','0.00','本套餐支持2个宝贝（宝贝链接和宝贝关键词）请用逗号区分开即可！','2018-06-20 10:58:31','2018-06-20 10:58:31','ddpm'),(240,'flow','（电脑端200搜索流量+7宝贝收藏*10天）',107485,'阿里巴巴流量',4,0,1,'17.00','0.00','0.00','0.00','0.00','本套餐支持2个宝贝（宝贝链接和宝贝关键词）请用逗号区分开即可！','2018-06-20 10:58:31','2018-06-20 10:58:31','ddpm'),(241,'flow','（手机端50搜索流量送10宝贝收藏*10天）',107486,'淘宝/天猫流量-手机端',2,0,1,'44.00','0.00','0.00','0.00','0.00','本套餐支持3个宝贝（宝贝链接和宝贝关键词）请用逗号区分开即可！','2018-06-20 10:58:31','2018-06-20 10:58:31','ddpm'),(242,'flow','（手机50+电脑50+收藏14+购物车7*10天）',107487,'淘宝/天猫流量-混和端',3,0,1,'56.00','0.00','0.00','0.00','0.00','本套餐支持2个宝贝（宝贝链接和宝贝关键词）请用逗号区分开即可！','2018-06-20 10:58:31','2018-06-20 10:58:31','ddpm'),(243,'flow','（电脑端200搜索流量送7宝贝收藏*10天）',107488,'淘宝/天猫流量-电脑端',1,0,0,'17.00','0.00','0.00','0.00','0.00','本套餐支持2个宝贝（宝贝链接和宝贝关键词）请用逗号区分开即可！','2018-06-20 10:58:31','2018-07-14 17:05:40','ddpm'),(244,'flow','（电脑端300搜索流量送10宝贝收藏*10天）',107489,'淘宝/天猫流量-电脑端',1,0,0,'24.00','0.00','0.00','0.00','0.00','本套餐支持3个宝贝（宝贝链接和宝贝关键词）请用逗号区分开即可！','2018-06-20 10:58:31','2018-07-14 17:05:40','ddpm'),(245,'flow','（手机60+电脑200+收藏20+购物车8*10天）',107490,'淘宝/天猫流量-混和端',3,0,1,'78.00','0.00','0.00','0.00','0.00','本套餐支持3个宝贝（宝贝链接和宝贝关键词）请用逗号区分开即可！','2018-06-20 10:58:31','2018-06-20 10:58:31','ddpm'),(246,'flow','（手机端100搜索流量送13宝贝收藏*10天）',107491,'淘宝/天猫流量-手机端',2,0,1,'89.00','0.00','0.00','0.00','0.00','本套餐支持5个宝贝（宝贝链接和宝贝关键词）请用逗号区分开即可！','2018-06-20 10:58:31','2018-06-20 10:58:31','ddpm'),(247,'flow','（电脑端300搜索流量+10宝贝收藏*10天）',107492,'阿里巴巴流量',4,0,1,'24.00','0.00','0.00','0.00','0.00','本套餐支持3个宝贝（宝贝链接和宝贝关键词）请用逗号区分开即可！','2018-06-20 10:58:31','2018-06-20 10:58:31','ddpm'),(248,'flow','（电脑端300搜索流量*10天）',107493,'京东商城流量',5,0,1,'24.00','0.00','0.00','0.00','0.00','本套餐支持3个宝贝（宝贝链接和宝贝关键词）请用逗号区分开即可！','2018-06-20 10:58:31','2018-06-20 10:58:31','ddpm'),(249,'flow','（电脑端400搜索流量*10天）',107494,'京东商城流量',5,0,1,'38.00','0.00','0.00','0.00','0.00','本套餐支持4个宝贝（宝贝链接和宝贝关键词）请用逗号区分开即可！','2018-06-20 10:58:31','2018-06-20 10:58:31','ddpm'),(250,'flow','（电脑端400搜索流量+14宝贝收藏*10天）',107495,'阿里巴巴流量',4,0,1,'38.00','0.00','0.00','0.00','0.00','本套餐支持4个宝贝（宝贝链接和宝贝关键词）请用逗号区分开即可！','2018-06-20 10:58:31','2018-06-20 10:58:31','ddpm'),(251,'flow','（手机端200搜索流量送20宝贝收藏*10天）',107496,'淘宝/天猫流量-手机端',2,0,1,'180.00','0.00','0.00','0.00','0.00','本套餐支持10个宝贝（宝贝链接和宝贝关键词）请用逗号区分开即可！','2018-06-20 10:58:31','2018-06-20 10:58:31','ddpm'),(252,'flow','（手机100+电脑200+收藏23+购物车14*10天）',107497,'淘宝/天猫流量-混和端',3,0,1,'120.00','0.00','0.00','0.00','0.00','本套餐支持4个宝贝（宝贝链接和宝贝关键词）请用逗号区分开即可！','2018-06-20 10:58:31','2018-06-20 10:58:31','ddpm'),(253,'flow','（电脑端400搜索流量送14宝贝收藏*10天）',107498,'淘宝/天猫流量-电脑端',1,0,0,'38.00','0.00','0.00','0.00','0.00','本套餐支持4个宝贝（宝贝链接和宝贝关键词）请用逗号区分开即可！','2018-06-20 10:58:31','2018-07-14 17:05:40','ddpm'),(254,'flow','（电脑端800搜索流量送30宝贝收藏*10天）',107499,'淘宝/天猫流量-电脑端',1,0,0,'64.00','0.00','0.00','0.00','0.00','本套餐支持8个宝贝（宝贝链接和宝贝关键词）请用逗号区分开即可！','2018-06-20 10:58:31','2018-07-14 17:05:40','ddpm'),(255,'flow','（手机200+电脑200+收藏34+购物车27*10天）',107500,'淘宝/天猫流量-混和端',3,0,1,'195.00','0.00','0.00','0.00','0.00','本套餐支持10个宝贝（宝贝链接和宝贝关键词）请用逗号区分开即可！或者联系客服发资料即可！','2018-06-20 10:58:31','2018-06-20 10:58:31','ddpm'),(256,'flow','（手机端20搜索流量送6宝贝收藏*30天）',107501,'淘宝/天猫流量-手机端',2,0,1,'52.00','0.00','0.00','0.00','0.00','本套餐适合小商家每天刷1-2单的用户，点击上方流量可选更多优惠套餐！','2018-06-20 10:58:31','2018-06-20 10:58:31','ddpm'),(257,'flow','（电脑端800搜索流量+30宝贝收藏*10天）',107502,'阿里巴巴流量',4,0,1,'64.00','0.00','0.00','0.00','0.00','本套餐支持8个宝贝（宝贝链接和宝贝关键词）请用逗号区分开即可！','2018-06-20 10:58:31','2018-06-20 10:58:31','ddpm'),(258,'flow','（电脑端800搜索流量*10天）',107503,'京东商城流量',5,0,1,'64.00','0.00','0.00','0.00','0.00','本套餐支持8个宝贝（宝贝链接和宝贝关键词）请用逗号区分开即可！','2018-06-20 10:58:31','2018-06-20 10:58:31','ddpm'),(259,'flow','（电脑端1000搜索流量*10天）',107504,'京东商城流量',5,0,1,'78.00','0.00','0.00','0.00','0.00','本套餐支持10个宝贝（宝贝链接和宝贝关键词）请用逗号区分开即可！','2018-06-20 10:58:31','2018-06-20 10:58:31','ddpm'),(260,'flow','（电脑端1000搜索流量+40宝贝收藏*10天）',107505,'阿里巴巴流量',4,0,1,'78.00','0.00','0.00','0.00','0.00','本套餐支持10个宝贝（宝贝链接和宝贝关键词）请用逗号区分开即可！','2018-06-20 10:58:31','2018-06-20 10:58:31','ddpm'),(261,'flow','（手机端30搜索流量送7宝贝收藏*30天 ）',107506,'淘宝/天猫流量-手机端',2,0,1,'77.00','0.00','0.00','0.00','0.00','本套餐支持2个宝贝（宝贝链接和宝贝关键词）请用逗号区分开即可！','2018-06-20 10:58:31','2018-06-20 10:58:31','ddpm'),(262,'flow','（电脑端1000搜索流量送40宝贝收藏*10天）',107507,'淘宝/天猫流量-电脑端',1,0,0,'78.00','0.00','0.00','0.00','0.00','本套餐支持10个宝贝（宝贝链接和宝贝关键词）请用逗号区分开即可！','2018-06-20 10:58:31','2018-07-14 17:05:40','ddpm'),(263,'flow','（手机10+电脑30+收藏4+购物车4*30天）',107508,'淘宝/天猫流量-混和端',3,0,1,'45.00','0.00','0.00','0.00','0.00','本套餐适合小商家每天刷1-2单的用户，点击上方流量可选更多优惠套餐！','2018-06-20 10:58:31','2018-06-20 10:58:31','ddpm'),(264,'flow','（手机20+电脑50+收藏10+加入购物车4*30天）',107509,'淘宝/天猫流量-混和端',3,0,1,'69.00','0.00','0.00','0.00','0.00','本套餐适合小商家每天刷2-3单的用户，点击上方流量可选更多优惠套餐！','2018-06-20 10:58:31','2018-06-20 10:58:31','ddpm'),(265,'flow','（电脑端50搜索流量*30天）',107510,'淘宝/天猫流量-电脑端',1,0,0,'15.00','0.00','0.00','0.00','0.00','本套餐适合小商家每天刷1-2单的用户，点击上方流量可选更多优惠套餐！','2018-06-20 10:58:31','2018-07-14 17:05:40','ddpm'),(266,'flow','（手机端50搜索流量送10宝贝收藏）*30天',107511,'淘宝/天猫流量-手机端',2,0,1,'130.00','0.00','0.00','0.00','0.00','本套餐支持3个宝贝（宝贝链接和宝贝关键词）请用逗号区分开即可！','2018-06-20 10:58:31','2018-06-20 10:58:31','ddpm'),(267,'flow','（电脑端50搜索流量*30天）',107512,'阿里巴巴流量',4,0,1,'15.00','0.00','0.00','0.00','0.00','本套餐适合小商家每天刷1-2单的用户，点击上方流量可选更多优惠套餐！','2018-06-20 10:58:31','2018-06-20 10:58:31','ddpm'),(268,'flow','（电脑端50搜索流量*30天）',107513,'京东商城流量',5,0,1,'15.00','0.00','0.00','0.00','0.00','本套餐适合小商家每天刷1-2单的用户，点击上方流量可选更多优惠套餐！','2018-06-20 10:58:31','2018-06-20 10:58:31','ddpm'),(269,'flow','（电脑端100流量*30天）',107514,'京东商城流量',5,0,1,'27.00','0.00','0.00','0.00','0.00','本套餐支持2个宝贝（宝贝链接和宝贝关键词）请用逗号区分开即可！','2018-06-20 10:58:31','2018-06-20 10:58:31','ddpm'),(270,'flow','（电脑端100流量+2宝贝收藏*30天）',107515,'阿里巴巴流量',4,0,1,'27.00','0.00','0.00','0.00','0.00','本套餐支持2个宝贝（宝贝链接和宝贝关键词）请用逗号区分开即可！','2018-06-20 10:58:31','2018-06-20 10:58:31','ddpm'),(271,'flow','（手机端100搜索流量送13宝贝收藏*30天 ）',107516,'淘宝/天猫流量-手机端',2,0,1,'263.00','0.00','0.00','0.00','0.00','本套餐支持5个宝贝（宝贝链接和宝贝关键词）请用逗号区分开即可！','2018-06-20 10:58:31','2018-06-20 10:58:31','ddpm'),(272,'flow','（电脑端100流量+2宝贝收藏*30天）',107517,'淘宝/天猫流量-电脑端',1,0,0,'27.00','0.00','0.00','0.00','0.00','本套餐适合小商家每天刷2-3单的用户，点击上方流量可选更多优惠套餐！','2018-06-20 10:58:31','2018-07-14 17:05:40','ddpm'),(273,'flow','（手机50+电脑50+收藏14+加入购物车7*30天）',107518,'淘宝/天猫流量-混和端',3,0,1,'155.00','0.00','0.00','0.00','0.00','本套餐支持2个宝贝（宝贝链接和宝贝关键词）请用逗号区分开即可！','2018-06-20 10:58:31','2018-06-20 10:58:31','ddpm'),(274,'flow','（手机60+电脑200+收藏20+加入购物车8）*30天',107519,'淘宝/天猫流量-混和端',3,0,1,'200.00','0.00','0.00','0.00','0.00','本套餐支持3个宝贝（宝贝链接和宝贝关键词）请用逗号区分开即可！','2018-06-20 10:58:31','2018-06-20 10:58:31','ddpm'),(275,'flow','（电脑端200搜索流量+7宝贝收藏*30天）',107520,'淘宝/天猫流量-电脑端',1,0,0,'51.00','0.00','0.00','0.00','0.00','本套餐支持2个宝贝（宝贝链接和宝贝关键词）请用逗号区分开即可！','2018-06-20 10:58:31','2018-07-14 17:05:40','ddpm'),(276,'flow','（手机端200搜索流量送20宝贝收藏*30天）',107521,'淘宝/天猫流量-手机端',2,0,1,'510.00','0.00','0.00','0.00','0.00','本套餐支持10个宝贝（宝贝链接和宝贝关键词）请用逗号区分开即可！或者联系客服发资料即可！','2018-06-20 10:58:31','2018-06-20 10:58:31','ddpm'),(277,'flow','（电脑端200搜索流量+7宝贝收藏*30天）',107522,'阿里巴巴流量',4,0,1,'51.00','0.00','0.00','0.00','0.00','本套餐支持2个宝贝（宝贝链接和宝贝关键词）请用逗号区分开即可！','2018-06-20 10:58:31','2018-06-20 10:58:31','ddpm'),(278,'flow','（电脑端200搜索流量*30天）',107523,'京东商城流量',5,0,1,'51.00','0.00','0.00','0.00','0.00','本套餐支持2个宝贝（宝贝链接和宝贝关键词）请用逗号区分开即可！','2018-06-20 10:58:31','2018-06-20 10:58:31','ddpm'),(279,'flow','（电脑端300搜索流量*30天）',107524,'京东商城流量',5,0,1,'72.00','0.00','0.00','0.00','0.00','本套餐支持3个宝贝（宝贝链接和宝贝关键词）请用逗号区分开即可！','2018-06-20 10:58:31','2018-06-20 10:58:31','ddpm'),(280,'flow','（电脑端300搜索流量+10宝贝收藏*30天）',107525,'阿里巴巴流量',4,0,1,'72.00','0.00','0.00','0.00','0.00','本套餐支持3个宝贝（宝贝链接和宝贝关键词）请用逗号区分开即可！','2018-06-20 10:58:31','2018-06-20 10:58:31','ddpm'),(281,'flow','（电脑端300搜索流量+10宝贝收藏*30天）',107526,'淘宝/天猫流量-电脑端',1,0,0,'72.00','0.00','0.00','0.00','0.00','本套餐支持3个宝贝（宝贝链接和宝贝关键词）请用逗号区分开即可！','2018-06-20 10:58:31','2018-07-14 17:05:40','ddpm'),(282,'flow','（手机100+电脑200+收藏23+加入购物车14）*30天',107527,'淘宝/天猫流量-混和端',3,0,1,'320.00','0.00','0.00','0.00','0.00','本套餐支持4个宝贝（宝贝链接和宝贝关键词）请用逗号区分开即可！','2018-06-20 10:58:31','2018-06-20 10:58:31','ddpm'),(283,'flow','（手机200+电脑200+收藏34+加入购物车27）*30天',107528,'淘宝/天猫流量-混和端',3,0,1,'540.00','0.00','0.00','0.00','0.00','本套餐支持10个宝贝（宝贝链接和宝贝关键词）请用逗号区分开即可！或者联系客服发资料即可！','2018-06-20 10:58:31','2018-06-20 10:58:31','ddpm'),(284,'flow','（电脑端400搜索流量+14宝贝收藏*30天）',107529,'淘宝/天猫流量-电脑端',1,0,0,'114.00','0.00','0.00','0.00','0.00','本套餐支持4个宝贝（宝贝链接和宝贝关键词）请用逗号区分开即可！','2018-06-20 10:58:31','2018-07-14 17:05:40','ddpm'),(285,'flow','（电脑端400搜索流量+14宝贝收藏*30天）',107530,'阿里巴巴流量',4,0,1,'114.00','0.00','0.00','0.00','0.00','本套餐支持4个宝贝（宝贝链接和宝贝关键词）请用逗号区分开即可！','2018-06-20 10:58:31','2018-06-20 10:58:31','ddpm'),(286,'flow','（电脑端400搜索流量*30天）',107531,'京东商城流量',5,0,1,'114.00','0.00','0.00','0.00','0.00','本套餐支持4个宝贝（宝贝链接和宝贝关键词）请用逗号区分开即可！','2018-06-20 10:58:31','2018-06-20 10:58:31','ddpm'),(287,'flow','（电脑端800搜索流量*30天）',107532,'京东商城流量',5,0,1,'192.00','0.00','0.00','0.00','0.00','本套餐支持8个宝贝（宝贝链接和宝贝关键词）请用逗号区分开即可！','2018-06-20 10:58:31','2018-06-20 10:58:31','ddpm'),(288,'flow','（电脑端800搜索流量+30宝贝收藏*30天）',107533,'阿里巴巴流量',4,0,1,'192.00','0.00','0.00','0.00','0.00','本套餐支持8个宝贝（宝贝链接和宝贝关键词）请用逗号区分开即可！','2018-06-20 10:58:31','2018-06-20 10:58:31','ddpm'),(289,'flow','（电脑端800搜索流量+30宝贝收藏*30天）',107534,'淘宝/天猫流量-电脑端',1,0,0,'192.00','0.00','0.00','0.00','0.00','本套餐支持8个宝贝（宝贝链接和宝贝关键词）请用逗号区分开即可！','2018-06-20 10:58:31','2018-07-14 17:05:40','ddpm'),(290,'flow','（电脑端1000搜索流量+40宝贝收藏*30天）',107535,'淘宝/天猫流量-电脑端',1,0,0,'234.00','0.00','0.00','0.00','0.00','本套餐支持10个宝贝（宝贝链接和宝贝关键词）请用逗号区分开即可！','2018-06-20 10:58:31','2018-07-14 17:05:40','ddpm'),(291,'flow','（电脑端1000搜索流量+40宝贝收藏*30天）',107536,'阿里巴巴流量',4,0,1,'234.00','0.00','0.00','0.00','0.00','本套餐支持10个宝贝（宝贝链接和宝贝关键词）请用逗号区分开即可！','2018-06-20 10:58:31','2018-06-20 10:58:31','ddpm'),(292,'flow','（电脑端1000搜索流量*30天）',107537,'京东商城流量',5,0,1,'234.00','0.00','0.00','0.00','0.00','本套餐支持10个宝贝（宝贝链接和宝贝关键词）请用逗号区分开即可！','2018-06-20 10:58:31','2018-06-20 10:58:31','ddpm'),(293,'flow','（.手机端100搜索流量*1天）',107538,'京东商城流量',5,0,1,'10.00','0.00','0.00','0.00','0.00','支持同时两款宝贝浏览用逗号区分开连接。关键词用连接一（关键词）连接二（关键词）','2018-06-20 10:58:31','2018-06-20 10:58:31','ddpm'),(294,'flow','（手机端20搜索流量*10天）',107539,'京东商城流量',5,0,1,'18.00','0.00','0.00','0.00','0.00','支持同时两款宝贝浏览用逗号区分开连接。关键词用连接一（关键词）连接二（关键词）','2018-06-20 10:58:31','2018-06-20 10:58:31','ddpm'),(295,'flow','（手机端50搜索流量*10天）',107540,'京东商城流量',5,0,1,'45.00','0.00','0.00','0.00','0.00','支持同时三款宝贝浏览用逗号区分开连接。关键词用连接一（关键词）连接二（关键词）','2018-06-20 10:58:31','2018-06-20 10:58:31','ddpm'),(296,'flow','（手机端100搜索流量*10天）',107541,'京东商城流量',5,0,1,'90.00','0.00','0.00','0.00','0.00','支持同时五款宝贝浏览用逗号区分开连接。关键词用连接一（关键词）连接二（关键词）','2018-06-20 10:58:31','2018-06-20 10:58:31','ddpm'),(297,'flow','（手机端200搜索流量*10天）',107542,'京东商城流量',5,0,1,'180.00','0.00','0.00','0.00','0.00','支持同时十款宝贝浏览用逗号区分开连接。关键词用连接一（关键词）连接二（关键词）','2018-06-20 10:58:31','2018-06-20 10:58:31','ddpm'),(298,'flow','（手机端20搜索流量*30天）',107543,'京东商城流量',5,0,1,'50.00','0.00','0.00','0.00','0.00','支持同时两款宝贝浏览用逗号区分开连接。关键词用连接一（关键词）连接二（关键词）','2018-06-20 10:58:31','2018-06-20 10:58:31','ddpm'),(299,'flow','（手机端50搜索流量*30天）',107544,'京东商城流量',5,0,1,'130.00','0.00','0.00','0.00','0.00','支持同时三款宝贝浏览用逗号区分开连接。关键词用连接一（关键词）连接二（关键词）','2018-06-20 10:58:31','2018-06-20 10:58:31','ddpm'),(300,'flow','（手机端100搜索流量*30天）',107545,'京东商城流量',5,0,1,'250.00','0.00','0.00','0.00','0.00','支持同时五款宝贝浏览用逗号区分开连接。关键词用连接一（关键词）连接二（关键词）','2018-06-20 10:58:31','2018-06-20 10:58:31','ddpm'),(301,'flow','（手机端200搜索流量*30天）',107546,'京东商城流量',5,0,1,'500.00','0.00','0.00','0.00','0.00','支持同时十款宝贝浏览用逗号区分开连接。关键词用连接一（关键词）连接二（关键词）','2018-06-20 10:58:31','2018-06-20 10:58:31','ddpm'),(302,'flow','（手机20+电脑10+双收藏8*7天）',107547,'淘宝/天猫流量-混和端',3,0,1,'12.00','0.00','0.00','0.00','0.00','支持一款主宝贝浏览，进店后会随机浏览店铺其他宝贝收藏主宝贝及店铺。','2018-06-20 10:58:31','2018-06-20 10:58:31','ddpm'),(303,'flow','（手机50+电脑20+双收藏15*7天）',107548,'淘宝/天猫流量-混和端',3,0,1,'31.00','0.00','0.00','0.00','0.00','最多支持两款主宝贝浏览，进店后会随机浏览店铺其他宝贝收藏主宝贝及店铺。','2018-06-20 10:58:31','2018-06-20 10:58:31','ddpm'),(304,'flow','（手机100+电脑50+双收藏30*7天）',107549,'淘宝/天猫流量-混和端',3,0,1,'55.00','0.00','0.00','0.00','0.00','最多支持四款主宝贝浏览，进店后会随机浏览店铺其他宝贝收藏主宝贝及店铺。','2018-06-20 10:58:31','2018-06-20 10:58:31','ddpm'),(305,'flow','（手机150+电脑60+双收藏37*7天）',107550,'淘宝/天猫流量-混和端',3,0,1,'75.00','0.00','0.00','0.00','0.00','最多支持五款主宝贝浏览，进店后会随机浏览店铺其他宝贝收藏主宝贝及店铺。','2018-06-20 10:58:31','2018-06-20 10:58:31','ddpm'),(306,'flow','（手机200+电脑100+双收藏45*7天）',107551,'淘宝/天猫流量-混和端',3,0,1,'105.00','0.00','0.00','0.00','0.00','最多支持六款主宝贝浏览，进店后会随机浏览店铺其他宝贝收藏主宝贝及店铺。','2018-06-20 10:58:31','2018-06-20 10:58:31','ddpm'),(307,'flow','（手机500+电脑200+双收藏120*7天）',107552,'淘宝/天猫流量-混和端',3,0,1,'250.00','0.00','0.00','0.00','0.00','最多支持十款主宝贝浏览，进店后会随机浏览店铺其他宝贝收藏主宝贝及店铺。','2018-06-20 10:58:31','2018-06-20 10:58:31','ddpm'),(308,'flow','（手机端100搜索访客*1天）',107553,'拼多多流量',11,0,1,'4.00','0.00','0.00','0.00','0.00','拼多多填写要求：第一行填店铺名称；第二行填关键词，多关键词用逗号隔开；第三行填商品ID或商品链接（如ID号120403194），如需安排多款商品用逗号隔开。（不做直通车的流量，也禁止刷手点直通车进去）。下午18点前的任务当天开始，超过18点的任务隔天安排，急单联系客服。','2018-06-20 10:58:31','2018-06-20 10:58:31','ddpm'),(309,'flow','（手机端500搜索访客*1天）',107554,'拼多多流量',11,0,1,'20.00','0.00','0.00','0.00','0.00','拼多多填写要求：第一行填店铺名称；第二行填关键词，多关键词用逗号隔开；第三行填商品ID或商品链接（如ID号120403194），如需安排多款商品用逗号隔开。（不做直通车的流量，也禁止刷手点直通车进去）。下午18点前的任务当天开始，超过18点的任务隔天安排，急单联系客服。','2018-06-20 10:58:31','2018-06-20 10:58:31','ddpm'),(310,'flow','（手机端1000搜索访客*1天）',107555,'拼多多流量',11,0,1,'40.00','0.00','0.00','0.00','0.00','拼多多填写要求：第一行填店铺名称；第二行填关键词，多关键词用逗号隔开；第三行填商品ID或商品链接（如ID号120403194），如需安排多款商品用逗号隔开。（不做直通车的流量，也禁止刷手点直通车进去）。下午18点前的任务当天开始，超过18点的任务隔天安排，急单联系客服。','2018-06-20 10:58:31','2018-06-20 10:58:31','ddpm'),(311,'flow','（手机端3000搜索访客*1天）',107556,'拼多多流量',11,0,1,'110.00','0.00','0.00','0.00','0.00','拼多多填写要求：第一行填店铺名称；第二行填关键词，多关键词用逗号隔开；第三行填商品ID或商品链接（如ID号120403194），如需安排多款商品用逗号隔开。（不做直通车的流量，也禁止刷手点直通车进去）。下午18点前的任务当天开始，超过18点的任务隔天安排，急单联系客服。','2018-06-20 10:58:31','2018-06-20 10:58:31','ddpm'),(312,'flow','（手机端50搜索访客*7天）',107557,'拼多多流量',11,0,1,'14.00','0.00','0.00','0.00','0.00','拼多多填写要求：第一行填店铺名称；第二行填关键词，多关键词用逗号隔开；第三行填商品ID或商品链接（如ID号120403194），如需安排多款商品用逗号隔开。（不做直通车的流量，也禁止刷手点直通车进去）。下午18点前的任务当天开始，超过18点的任务隔天安排，急单联系客服。','2018-06-20 10:58:31','2018-06-20 10:58:31','ddpm'),(313,'flow','（手机端100搜索访客*7天）',107558,'拼多多流量',11,0,1,'30.00','0.00','0.00','0.00','0.00','拼多多填写要求：第一行填店铺名称；第二行填关键词，多关键词用逗号隔开；第三行填商品ID或商品链接（如ID号120403194），如需安排多款商品用逗号隔开。（不做直通车的流量，也禁止刷手点直通车进去）。下午18点前的任务当天开始，超过18点的任务隔天安排，急单联系客服。','2018-06-20 10:58:31','2018-06-20 10:58:31','ddpm'),(314,'flow','（手机端200搜索访客*7天）',107559,'拼多多流量',11,0,1,'56.00','0.00','0.00','0.00','0.00','拼多多填写要求：第一行填店铺名称；第二行填关键词，多关键词用逗号隔开；第三行填商品ID或商品链接（如ID号120403194），如需安排多款商品用逗号隔开。（不做直通车的流量，也禁止刷手点直通车进去）。下午18点前的任务当天开始，超过18点的任务隔天安排，急单联系客服。','2018-06-20 10:58:31','2018-06-20 10:58:31','ddpm'),(315,'flow','（手机端500搜索访客*7天）',107560,'拼多多流量',11,0,1,'150.00','0.00','0.00','0.00','0.00','拼多多填写要求：第一行填店铺名称；第二行填关键词，多关键词用逗号隔开；第三行填商品ID或商品链接（如ID号120403194），如需安排多款商品用逗号隔开。（不做直通车的流量，也禁止刷手点直通车进去）。下午18点前的任务当天开始，超过18点的任务隔天安排，急单联系客服。','2018-06-20 10:58:31','2018-06-20 10:58:31','ddpm'),(316,'flow','（手机端1000搜索访客*7天）',107561,'拼多多流量',11,0,1,'280.00','0.00','0.00','0.00','0.00','拼多多填写要求：第一行填店铺名称；第二行填关键词，多关键词用逗号隔开；第三行填商品ID或商品链接（如ID号120403194），如需安排多款商品用逗号隔开。（不做直通车的流量，也禁止刷手点直通车进去）。下午18点前的任务当天开始，超过18点的任务隔天安排，急单联系客服。','2018-06-20 10:58:31','2018-06-20 10:58:31','ddpm'),(317,'collection','（电脑端100个淘宝/天猫/阿里-收藏宝贝）',107563,'淘宝/天猫/阿里-收藏宝贝',6,0,1,'4.00','0.00','0.00','0.00','0.00','本套餐默认1-2天完成，如您需要指定时间完成请在（输入店铺旺旺）处留言即可！','2018-07-06 19:30:39','2018-07-06 19:30:39','ddpm'),(318,'collection','（电脑端200个淘宝/天猫/阿里-收藏宝贝）',107566,'淘宝/天猫/阿里-收藏宝贝',6,0,1,'8.00','0.00','0.00','0.00','0.00','本套餐默认2-3天完成，如您需要指定时间完成请在（输入店铺旺旺）处留言即可！','2018-07-06 19:30:39','2018-07-06 19:30:39','ddpm');

/*Table structure for table `kb_province` */

DROP TABLE IF EXISTS `kb_province`;

CREATE TABLE `kb_province` (
  `province_id` int(11) NOT NULL AUTO_INCREMENT,
  `province_name` varchar(64) NOT NULL COMMENT '省份名称',
  `province_areacode` int(11) NOT NULL COMMENT '省份区域代码',
  `province_postcode` varchar(6) NOT NULL COMMENT '省份邮编',
  PRIMARY KEY (`province_id`),
  KEY `idx_province_areacode` (`province_areacode`) USING BTREE
) ENGINE=InnoDB AUTO_INCREMENT=32 DEFAULT CHARSET=utf8;

/*Data for the table `kb_province` */

insert  into `kb_province`(`province_id`,`province_name`,`province_areacode`,`province_postcode`) values (1,'北京市',110000,'100000'),(2,'天津市',120000,'300000'),(3,'河北省',130000,'050000'),(4,'山西省',140000,'030000'),(5,'内蒙古',150000,'010000'),(6,'辽宁省',210000,'110000'),(7,'吉林省',220000,'130000'),(8,'黑龙江省',230000,'150000'),(9,'上海市',310000,'200000'),(10,'江苏省',320000,'210000'),(11,'浙江省',330000,'310000'),(12,'安徽省',340000,'230000'),(13,'福建省',350000,'350000'),(14,'江西省',360000,'330000'),(15,'山东省',370000,'250000'),(16,'河南省',410000,'450000'),(17,'湖北省',420000,'430000'),(18,'湖南省',430000,'410000'),(19,'广东省',440000,'510000'),(20,'广西',450000,'530000'),(21,'海南省',460000,'570100'),(22,'重庆市',500000,'400000'),(23,'四川省',510000,'610000'),(24,'贵州省',520000,'550000'),(25,'云南省',530000,'650000'),(26,'西藏',540000,'850000'),(27,'陕西省',610000,'710000'),(28,'甘肃省',620000,'730000'),(29,'青海省',630000,'810000'),(30,'宁夏',640000,'750000'),(31,'新疆',650000,'830000');

/*Table structure for table `kb_qq` */

DROP TABLE IF EXISTS `kb_qq`;

CREATE TABLE `kb_qq` (
  `qq_id` int(11) NOT NULL AUTO_INCREMENT,
  `qq_number` varchar(16) NOT NULL,
  `name` varchar(32) NOT NULL,
  `status` tinyint(1) NOT NULL DEFAULT '0',
  `sort` smallint(6) NOT NULL DEFAULT '0',
  `gmt_create` datetime NOT NULL,
  `gmt_modify` datetime NOT NULL,
  `operator` varchar(32) NOT NULL DEFAULT '',
  PRIMARY KEY (`qq_id`)
) ENGINE=InnoDB AUTO_INCREMENT=3 DEFAULT CHARSET=utf8;

/*Data for the table `kb_qq` */

insert  into `kb_qq`(`qq_id`,`qq_number`,`name`,`status`,`sort`,`gmt_create`,`gmt_modify`,`operator`) values (1,'1002214592','订单售后',1,2,'2018-06-18 12:05:40','2018-06-30 19:03:04','ddpm'),(2,'1002215487','空包售前',1,0,'2018-06-18 12:05:40','2018-06-30 19:03:04','ddpm');

/*Table structure for table `kb_recommend_navigation` */

DROP TABLE IF EXISTS `kb_recommend_navigation`;

CREATE TABLE `kb_recommend_navigation` (
  `recommend_navigation_id` int(10) unsigned NOT NULL AUTO_INCREMENT,
  `title` varchar(8) NOT NULL,
  `link` varchar(300) NOT NULL,
  `status` tinyint(1) NOT NULL DEFAULT '1',
  `sort` smallint(6) NOT NULL DEFAULT '0',
  `position` varchar(64) NOT NULL,
  `new_window_open` tinyint(1) NOT NULL DEFAULT '0',
  `gmt_create` datetime NOT NULL,
  `gmt_modify` datetime NOT NULL,
  `operator` varchar(32) NOT NULL DEFAULT '',
  PRIMARY KEY (`recommend_navigation_id`)
) ENGINE=InnoDB AUTO_INCREMENT=3 DEFAULT CHARSET=utf8;

/*Data for the table `kb_recommend_navigation` */

insert  into `kb_recommend_navigation`(`recommend_navigation_id`,`title`,`link`,`status`,`sort`,`position`,`new_window_open`,`gmt_create`,`gmt_modify`,`operator`) values (1,'道斌博客','http://www.laidaobin.com/',1,0,'common_top',1,'2018-06-07 09:34:07','2018-06-07 09:53:43','ddpm'),(2,'道斌博客','http://www.laidaobin.com/',1,0,'friend_link',1,'2018-06-07 09:34:29','2018-06-10 16:58:26','ddpm');

/*Table structure for table `kb_shipping_address` */

DROP TABLE IF EXISTS `kb_shipping_address`;

CREATE TABLE `kb_shipping_address` (
  `shipping_address_id` int(10) unsigned NOT NULL AUTO_INCREMENT,
  `name` varchar(64) NOT NULL,
  `telephone` varchar(16) NOT NULL,
  `province_id` int(11) NOT NULL,
  `province_name` varchar(64) NOT NULL,
  `city_id` int(11) NOT NULL,
  `city_name` varchar(64) NOT NULL,
  `district_id` int(11) NOT NULL,
  `district_name` varchar(64) NOT NULL,
  `address` varchar(128) NOT NULL,
  `is_default` tinyint(1) NOT NULL DEFAULT '0',
  `is_delete` tinyint(1) NOT NULL DEFAULT '0',
  `user_id` int(10) unsigned NOT NULL,
  `gmt_create` datetime NOT NULL,
  `gmt_modify` datetime NOT NULL,
  `operator` varchar(32) NOT NULL DEFAULT '',
  PRIMARY KEY (`shipping_address_id`),
  KEY `idx_is_default` (`is_default`),
  KEY `idx_user_id` (`user_id`),
  KEY `idx_is_delete` (`is_delete`)
) ENGINE=InnoDB AUTO_INCREMENT=12 DEFAULT CHARSET=utf8;

/*Data for the table `kb_shipping_address` */

insert  into `kb_shipping_address`(`shipping_address_id`,`name`,`telephone`,`province_id`,`province_name`,`city_id`,`city_name`,`district_id`,`district_name`,`address`,`is_default`,`is_delete`,`user_id`,`gmt_create`,`gmt_modify`,`operator`) values (8,'张三弟','18705010700',2,'天津市',4,'天津市',37,'静海县','思闽大道1号',0,1,4,'2018-07-07 19:37:15','2018-07-13 20:08:36',''),(9,'赖爷子','18705010722',13,'福建省',121,'三明市',1327,'宁化县','禾口村',1,0,4,'2018-07-07 19:37:58','2018-07-13 20:08:36',''),(10,'果树家','18705040125',8,'黑龙江省',69,'佳木斯市',831,'汤原县','桦子林大道10020号',0,1,4,'2018-07-13 20:08:19','2018-07-13 20:08:40',''),(11,'呀呀','18752502652',1,'北京市',1,'市辖区',1,'东城区','顺菜菜东菜呆',0,0,4,'2018-07-14 09:10:55','2018-07-14 09:10:55','');

/*Table structure for table `kb_text` */

DROP TABLE IF EXISTS `kb_text`;

CREATE TABLE `kb_text` (
  `text_id` int(11) NOT NULL AUTO_INCREMENT,
  `title` varchar(200) NOT NULL,
  `description` longtext,
  `position` varchar(64) NOT NULL,
  `status` tinyint(1) NOT NULL DEFAULT '0',
  `gmt_create` datetime NOT NULL,
  `gmt_modify` datetime NOT NULL,
  `operator` varchar(32) NOT NULL DEFAULT '',
  PRIMARY KEY (`text_id`)
) ENGINE=InnoDB AUTO_INCREMENT=10 DEFAULT CHARSET=utf8;

/*Data for the table `kb_text` */

insert  into `kb_text`(`text_id`,`title`,`description`,`position`,`status`,`gmt_create`,`gmt_modify`,`operator`) values (1,'顶部公告','<p>节日快乐</p>','common_top',1,'2018-06-17 12:23:58','2018-06-17 14:06:46','ddpm'),(2,'会员中心','<p style=\"text-align: center;\">这是一个好消息！</p><p style=\"text-align: center;\">好消息！！！</p><p style=\"text-align: center;\"><img src=\"/public/up/ueditor/image/20180609/1528549474165500.jpg\" alt=\"1528549474165500.jpg\" style=\"width: 391px; height: 303px;\" width=\"391\" height=\"303\"/></p>','user_center',1,'2018-06-17 12:24:07','2018-07-01 18:47:02','ddpm'),(3,'购买空包',NULL,'buy_kongbao',0,'2018-06-17 12:25:50','2018-06-17 12:26:12',''),(4,'已买空包',NULL,'buyed_kongbao',0,'2018-06-17 12:25:52','2018-06-17 12:26:13',''),(5,'发货地址','<p>Shipping Address Text<br/></p>','shipping_address',1,'2018-06-17 12:25:55','2018-07-07 15:52:12','ddpm'),(6,'底单申请',NULL,'order_document_apply',0,'2018-06-17 12:25:57','2018-06-17 12:26:17',''),(7,'自动充值',NULL,'auto_recharge',0,'2018-06-17 12:25:58','2018-06-17 12:26:21',''),(8,'升级VIP',NULL,'upgrade_vip',0,'2018-06-17 12:26:00','2018-06-17 12:26:23',''),(9,'我的下线','<p style=\"text-align: center;\"><strong>推广奖励明细</strong></p><p style=\"text-align: left;\">每个用户都有自己的独立推广链接，您把您的推广 链接发出去让别人过来本网站，只要点击您的推广链接进来本网站的都是您的下家，您的下家在本网站每次充值系统自动奖励您百分之五元（每 次都有，永久性。）。虽然奖励金额不是很大但推广的下家多也是大数目</p>','my_subordinate',1,'2018-06-17 12:26:09','2018-07-02 21:04:26','ddpm');

/*Table structure for table `kb_user` */

DROP TABLE IF EXISTS `kb_user`;

CREATE TABLE `kb_user` (
  `user_id` int(10) unsigned NOT NULL AUTO_INCREMENT,
  `user_account` varchar(32) NOT NULL DEFAULT '',
  `user_password` varchar(128) NOT NULL,
  `user_level_id` int(11) NOT NULL DEFAULT '1',
  `email_address` varchar(64) NOT NULL DEFAULT '',
  `telephone` varchar(16) NOT NULL DEFAULT '',
  `qq_number` varchar(16) NOT NULL DEFAULT '',
  `balance` decimal(10,2) NOT NULL DEFAULT '0.00',
  `express_fixed_profit` decimal(8,2) NOT NULL DEFAULT '0.00',
  `recommend_user_id` int(11) NOT NULL DEFAULT '0',
  `register_ip` varchar(32) NOT NULL,
  `login_ip` varchar(32) NOT NULL DEFAULT '',
  `gmt_create` datetime NOT NULL,
  `gmt_modify` datetime NOT NULL,
  `gmt_login` datetime DEFAULT NULL,
  `operator` varchar(32) NOT NULL DEFAULT '',
  PRIMARY KEY (`user_id`)
) ENGINE=InnoDB AUTO_INCREMENT=8 DEFAULT CHARSET=utf8 COMMENT='网站会员';

/*Data for the table `kb_user` */

insert  into `kb_user`(`user_id`,`user_account`,`user_password`,`user_level_id`,`email_address`,`telephone`,`qq_number`,`balance`,`express_fixed_profit`,`recommend_user_id`,`register_ip`,`login_ip`,`gmt_create`,`gmt_modify`,`gmt_login`,`operator`) values (1,'道斌','$2y$10$eCYmx4.53YcSUveUJIzR..z8E0WUtpPvLN8UmXxlrWbfaN3/7EvkO',3,'Saf@adfa.com','18711','121221212','110.00','5.35',4,'','','2018-06-10 16:03:01','2018-07-19 14:06:01',NULL,'ddpm'),(3,'道斌赖','$2y$10$pNsrpc3PLxb/O34fyLUC/eRv8VZGL/fpdInLE/LfpleCWD5oi2m1e',1,'1002214592@qq.com','','1002214592','0.00','0.00',4,'','','2018-07-01 17:35:53','2018-07-01 17:35:53',NULL,''),(4,'赖道斌','$2y$10$trtHCjGjWCgShV7kc.0sMek8rQuxkBHy3QnifiIDv7g.1AAlpuKai',2,'1002214592@qq.com','','1002214592','38.27','3.00',0,'','127.0.0.1','2018-07-01 18:02:35','2018-07-19 14:31:15','2018-07-17 19:07:12','ddpm'),(6,'DBLai','$2y$10$iIQ5K0RuDLjP/AXRFnnUTOQfDhfX3fF.cimDF4XxCqoe68mXnnXC.',1,'100221@qq.com','','100221','0.00','0.00',4,'127.0.0.1','127.0.0.1','2018-07-01 18:29:31','2018-07-01 18:42:15','2018-07-01 18:42:15',''),(7,'人生之乐于','$2y$10$Uy1GtAF6DjZt00qq6sJV7.IHMNO87CiZLvuRSWUC29RvRN6L5jZ8.',1,'591782046@qq.com','','591782046','0.00','0.00',4,'127.0.0.1','','2018-07-03 21:01:41','2018-07-03 21:01:41',NULL,'');

/*Table structure for table `kb_user_fund_record` */

DROP TABLE IF EXISTS `kb_user_fund_record`;

CREATE TABLE `kb_user_fund_record` (
  `user_fund_record_id` bigint(20) unsigned NOT NULL AUTO_INCREMENT,
  `user_id` int(10) unsigned NOT NULL,
  `group` tinyint(1) NOT NULL DEFAULT '0',
  `type` tinyint(1) NOT NULL DEFAULT '0' COMMENT '1为奖励，2为惩罚',
  `balance` decimal(10,2) NOT NULL,
  `price` decimal(8,2) NOT NULL,
  `detail` varchar(500) NOT NULL DEFAULT '',
  `gmt_create` datetime NOT NULL,
  `gmt_modify` datetime NOT NULL,
  `operator` varchar(32) NOT NULL DEFAULT '',
  PRIMARY KEY (`user_fund_record_id`),
  KEY `idx_user_id` (`user_id`),
  KEY `idx_group` (`group`)
) ENGINE=InnoDB AUTO_INCREMENT=7 DEFAULT CHARSET=utf8;

/*Data for the table `kb_user_fund_record` */

insert  into `kb_user_fund_record`(`user_fund_record_id`,`user_id`,`group`,`type`,`balance`,`price`,`detail`,`gmt_create`,`gmt_modify`,`operator`) values (1,4,1,1,'126.27','10.50','表现良好、购买订单多，以此奖励','2018-07-19 11:44:13','2018-07-19 11:44:13','ddpm'),(2,4,1,1,'136.27','10.00','','2018-07-19 11:48:36','2018-07-19 11:48:36','ddpm'),(3,4,1,2,'36.27','100.00','','2018-07-19 11:48:45','2018-07-19 11:48:45','ddpm'),(4,1,1,1,'10.00','10.00','新会员奖励','2018-07-19 14:05:16','2018-07-19 14:05:16','ddpm'),(5,1,1,1,'110.00','100.00','多买多返','2018-07-19 14:06:01','2018-07-19 14:06:01','ddpm'),(6,4,1,1,'38.27','2.00','奖励','2018-07-19 14:31:15','2018-07-19 14:31:15','ddpm');

/*Table structure for table `kb_user_level` */

DROP TABLE IF EXISTS `kb_user_level`;

CREATE TABLE `kb_user_level` (
  `user_level_id` tinyint(2) NOT NULL AUTO_INCREMENT,
  `level_name` varchar(16) NOT NULL,
  `level_price` decimal(8,2) NOT NULL DEFAULT '0.00' COMMENT '会员价',
  `gmt_create` datetime NOT NULL,
  `gmt_modify` datetime NOT NULL,
  `operator` varchar(32) NOT NULL DEFAULT '',
  PRIMARY KEY (`user_level_id`)
) ENGINE=InnoDB AUTO_INCREMENT=4 DEFAULT CHARSET=utf8;

/*Data for the table `kb_user_level` */

insert  into `kb_user_level`(`user_level_id`,`level_name`,`level_price`,`gmt_create`,`gmt_modify`,`operator`) values (1,'普通会员','0.00','2018-06-10 16:06:35','2018-06-10 16:06:38',''),(2,'VIP会员','10.00','2018-06-10 16:06:45','2018-06-21 15:56:29','ddpm'),(3,'代理会员','90.00','2018-06-10 16:06:57','2018-06-21 15:56:29','ddpm');

/*Table structure for table `kb_user_price` */

DROP TABLE IF EXISTS `kb_user_price`;

CREATE TABLE `kb_user_price` (
  `user_price_id` int(10) unsigned NOT NULL AUTO_INCREMENT,
  `user_id` int(10) unsigned NOT NULL,
  `price_id` int(11) NOT NULL,
  `group` varchar(32) NOT NULL,
  `is_default` tinyint(1) NOT NULL DEFAULT '0',
  `fixed_price` decimal(8,2) NOT NULL DEFAULT '0.00',
  `gmt_create` datetime NOT NULL,
  `gmt_modify` datetime NOT NULL,
  `operator` varchar(32) NOT NULL DEFAULT '',
  PRIMARY KEY (`user_price_id`),
  KEY `idx_user_id` (`user_id`)
) ENGINE=InnoDB AUTO_INCREMENT=37 DEFAULT CHARSET=utf8;

/*Data for the table `kb_user_price` */

insert  into `kb_user_price`(`user_price_id`,`user_id`,`price_id`,`group`,`is_default`,`fixed_price`,`gmt_create`,`gmt_modify`,`operator`) values (1,4,21,'express',0,'4.00','0000-00-00 00:00:00','2018-07-19 09:12:13','ddpm'),(2,4,20,'express',0,'0.00','2018-07-19 09:12:13','2018-07-19 09:12:13','ddpm'),(3,4,22,'express',0,'3.00','2018-07-19 09:12:13','2018-07-19 09:12:13','ddpm'),(4,4,23,'express',0,'0.00','2018-07-19 09:12:13','2018-07-19 09:12:13','ddpm'),(5,4,24,'express',0,'0.00','2018-07-19 09:12:13','2018-07-19 09:12:13','ddpm'),(6,4,25,'express',0,'0.00','2018-07-19 09:12:13','2018-07-19 09:12:13','ddpm'),(7,4,26,'express',0,'0.00','2018-07-19 09:12:13','2018-07-19 09:12:13','ddpm'),(8,4,27,'express',0,'0.00','2018-07-19 09:12:13','2018-07-19 09:12:13','ddpm'),(9,4,28,'express',0,'0.00','2018-07-19 09:12:13','2018-07-19 09:12:13','ddpm'),(10,4,29,'express',0,'0.00','2018-07-19 09:12:13','2018-07-19 09:12:13','ddpm'),(11,4,30,'express',0,'0.00','2018-07-19 09:12:13','2018-07-19 09:12:13','ddpm'),(12,4,31,'express',0,'0.00','2018-07-19 09:12:13','2018-07-19 09:12:13','ddpm'),(13,4,32,'express',0,'0.00','2018-07-19 09:12:13','2018-07-19 09:12:13','ddpm'),(14,4,33,'express',0,'0.00','2018-07-19 09:12:13','2018-07-19 09:12:13','ddpm'),(15,4,34,'express',0,'0.00','2018-07-19 09:12:13','2018-07-19 09:12:13','ddpm'),(16,4,35,'express',0,'0.00','2018-07-19 09:12:13','2018-07-19 09:12:13','ddpm'),(17,4,36,'express',0,'0.00','2018-07-19 09:12:13','2018-07-19 09:12:13','ddpm'),(18,4,37,'express',0,'0.00','2018-07-19 09:12:13','2018-07-19 09:12:13','ddpm'),(19,1,20,'express',0,'3.00','2018-07-19 09:16:50','2018-07-19 09:16:50','ddpm'),(20,1,21,'express',0,'0.00','2018-07-19 09:16:50','2018-07-19 09:16:50','ddpm'),(21,1,22,'express',0,'0.00','2018-07-19 09:16:50','2018-07-19 09:16:50','ddpm'),(22,1,23,'express',0,'0.00','2018-07-19 09:16:50','2018-07-19 09:16:50','ddpm'),(23,1,24,'express',0,'0.00','2018-07-19 09:16:50','2018-07-19 09:16:50','ddpm'),(24,1,25,'express',0,'0.00','2018-07-19 09:16:50','2018-07-19 09:16:50','ddpm'),(25,1,26,'express',0,'0.00','2018-07-19 09:16:50','2018-07-19 09:16:50','ddpm'),(26,1,27,'express',0,'0.00','2018-07-19 09:16:50','2018-07-19 09:16:50','ddpm'),(27,1,28,'express',0,'0.00','2018-07-19 09:16:50','2018-07-19 09:16:50','ddpm'),(28,1,29,'express',0,'0.00','2018-07-19 09:16:50','2018-07-19 09:16:50','ddpm'),(29,1,30,'express',0,'0.00','2018-07-19 09:16:50','2018-07-19 09:16:50','ddpm'),(30,1,31,'express',0,'0.00','2018-07-19 09:16:50','2018-07-19 09:16:50','ddpm'),(31,1,32,'express',0,'0.00','2018-07-19 09:16:50','2018-07-19 09:16:50','ddpm'),(32,1,33,'express',0,'0.00','2018-07-19 09:16:50','2018-07-19 09:16:50','ddpm'),(33,1,34,'express',0,'0.00','2018-07-19 09:16:50','2018-07-19 09:16:50','ddpm'),(34,1,35,'express',0,'0.00','2018-07-19 09:16:50','2018-07-19 09:16:50','ddpm'),(35,1,36,'express',0,'0.00','2018-07-19 09:16:50','2018-07-19 09:16:50','ddpm'),(36,1,37,'express',0,'0.00','2018-07-19 09:16:50','2018-07-19 09:16:50','ddpm');

/*Table structure for table `kb_user_route` */

DROP TABLE IF EXISTS `kb_user_route`;

CREATE TABLE `kb_user_route` (
  `user_route_id` int(11) NOT NULL AUTO_INCREMENT,
  `route` varchar(128) NOT NULL,
  `route_text` varchar(32) NOT NULL,
  `route_group` varchar(32) NOT NULL,
  `status` tinyint(1) NOT NULL DEFAULT '1',
  `gmt_create` datetime NOT NULL,
  `gmt_modify` datetime NOT NULL,
  `operator` varchar(32) NOT NULL DEFAULT '',
  PRIMARY KEY (`user_route_id`)
) ENGINE=InnoDB AUTO_INCREMENT=18 DEFAULT CHARSET=utf8;

/*Data for the table `kb_user_route` */

insert  into `kb_user_route`(`user_route_id`,`route`,`route_text`,`route_group`,`status`,`gmt_create`,`gmt_modify`,`operator`) values (1,'index/user/recommend','推广奖励','account_management',1,'2018-07-02 18:07:56','2018-07-17 19:00:35','ddpm'),(2,'index/user/password','修改密码','account_management',1,'2018-07-02 18:11:39','2018-07-17 19:00:35','ddpm'),(3,'index/user/api','接口说明','account_management',1,'2018-07-02 18:11:39','2018-07-17 19:00:35','ddpm'),(4,'index/user/logout','退出登录','account_management',1,'2018-07-02 18:11:39','2018-07-17 19:00:35','ddpm'),(5,'index/vocation_work/buyexpress','购买空包','vocational_work',1,'2018-07-04 20:42:15','2018-07-17 19:00:35','ddpm'),(6,'index/vocation_work/myexpress','已买空包','vocational_work',1,'2018-07-04 20:42:15','2018-07-17 19:00:35','ddpm'),(7,'index/vocation_work/buyflow','购买流量','vocational_work',1,'2018-07-04 20:42:15','2018-07-17 19:00:35','ddpm'),(8,'index/vocation_work/myflow','已买流量','vocational_work',1,'2018-07-04 20:42:15','2018-07-17 19:00:35','ddpm'),(9,'index/vocation_work/buycollection','购买收藏','vocational_work',1,'2018-07-04 20:42:15','2018-07-17 19:00:35','ddpm'),(10,'index/vocation_work/mycollection','已买收藏','vocational_work',1,'2018-07-04 20:42:15','2018-07-17 19:00:35','ddpm'),(11,'index/vocation_work/orderdocumentapply','我要底单','vocational_work',1,'2018-07-04 20:42:15','2018-07-17 19:00:35','ddpm'),(12,'index/vocation_work/shippingaddress','发货地址','vocational_work',1,'2018-07-04 20:42:57','2018-07-17 19:00:35','ddpm'),(13,'index/vocation_work/myorderdocument','我的底单','vocational_work',1,'2018-07-04 20:42:57','2018-07-17 19:00:35','ddpm'),(14,'uploadordernumber','上传单号','vocational_work',0,'2018-07-04 20:42:57','2018-07-17 18:59:22','ddpm'),(15,'index/finance/accountrecharge','账号充值','finance_management',1,'2018-07-17 18:59:22','2018-07-17 19:00:35','ddpm'),(16,'index/finance/rechargerecord','充值记录','finance_management',1,'2018-07-17 18:59:22','2018-07-17 19:00:35','ddpm'),(17,'index/finance/fundrecord','资金明细','finance_management',1,'2018-07-17 19:00:35','2018-07-17 19:00:35','ddpm');

/*!40101 SET SQL_MODE=@OLD_SQL_MODE */;
/*!40014 SET FOREIGN_KEY_CHECKS=@OLD_FOREIGN_KEY_CHECKS */;
/*!40014 SET UNIQUE_CHECKS=@OLD_UNIQUE_CHECKS */;
/*!40111 SET SQL_NOTES=@OLD_SQL_NOTES */;
